#expressedGenes,#expressedDiseaseGenes,lcc,lcczscore
4408,7,2,3.007114
9001,15,3,1.61578
2377,3,1,-0.204124
5846,13,3,3.841749
8691,16,4,4.137648
7240,11,1,-0.423547
6342,9,3,4.300232
9279,15,3,3.131935
7557,10,1,-0.423547
5721,10,3,3.766127
5502,9,2,1.271715
7866,12,2,1.832261
1651,2,1,0.0
7808,16,4,4.079301
7390,11,3,4.737271
1399,1,1,0.0
1401,2,1,-0.142857
8048,16,3,1.716048
2529,3,1,-0.100504
2797,2,1,0.0
9100,14,3,2.779091
3931,5,1,-0.261488
6983,12,2,1.386771
5608,9,2,1.962991
2985,6,1,-0.294884
2649,3,1,-0.204124
9227,16,3,2.352859
6050,11,2,1.555032
4452,5,1,-0.229416
4718,5,1,-0.204124
3592,6,1,-0.281939
1872,4,1,-0.274352
4560,7,2,4.358899
5427,12,2,1.572427
3295,6,1,-0.333333
4643,8,3,5.728716
4938,6,2,5.686241
2478,2,1,0.0
7336,12,2,1.942385
3496,5,1,-0.252646
7208,13,3,2.943628
6083,13,2,1.439699
7847,14,3,3.268233
7789,16,3,2.666667
7134,14,2,1.044185
1906,3,1,-0.175863
8152,14,3,3.362866
4155,9,1,-0.421965
3586,3,1,-0.100504
6918,12,3,2.664318
3552,7,2,1.950378
6506,11,3,4.242641
3563,7,3,4.779187
1777,3,1,-0.175863
9377,16,3,2.799023
7770,12,2,1.237179
4866,8,2,1.962991
2659,3,1,-0.204124
2911,7,2,2.586949
8201,11,3,4.559354
7156,13,3,3.271652
7460,11,2,2.137744
5286,9,1,-0.462798
8085,14,3,3.268233
7124,15,3,2.650548
3753,11,4,5.317051
8199,9,1,-0.301511
8661,14,4,2.668685
4379,4,2,4.358899
7751,14,3,2.95932
7025,11,2,1.942385
1694,2,1,-0.100504
4083,10,3,2.97551
8079,15,3,3.153846
7075,11,3,2.692736
8685,10,3,4.151579
2232,4,1,-0.204124
9194,14,3,3.463415
6259,10,1,-0.478261
5864,10,2,2.209605
7427,10,1,-0.468521
7491,11,3,4.445641
2754,5,1,-0.239957
7151,10,1,-0.320358
5620,10,2,2.586949
6825,12,3,3.609368
3612,5,1,-0.314485
4720,10,2,2.0
4268,8,2,2.213211
5877,13,3,3.188596
8789,17,3,2.523573
7893,12,3,4.81699
1465,3,1,-0.142857
7565,11,2,1.430149
7125,13,3,3.156821
4072,9,2,1.568929
3686,6,1,-0.420084
7756,10,1,-0.415581
7161,11,3,3.913571
4036,9,2,1.460593
8393,15,3,3.043414
4710,7,3,7.018674
7629,14,3,3.668997
5350,7,1,-0.281939
5340,9,1,-0.333333
7606,13,2,1.231554
7623,14,4,4.064092
7341,15,3,2.708483
6536,11,2,1.283516
7658,13,3,4.110453
8033,14,3,3.448394
4707,8,2,3.007114
2254,4,2,3.187999
6381,17,3,1.627467
3307,6,2,3.187999
1115,1,1,0.0
4343,9,3,3.944799
4634,11,3,2.483512
5330,12,3,3.912077
6044,8,2,3.179797
8176,10,2,2.291288
5114,7,2,3.007114
3708,5,1,-0.229416
6965,11,2,1.264911
8492,13,2,1.296357
6361,10,3,4.445641
4129,5,1,-0.204124
6887,10,2,1.734393
4879,5,2,3.656552
6847,12,3,3.944799
7310,12,3,3.775478
6006,9,3,4.024922
6430,13,4,5.688713
8455,13,2,1.695652
1885,3,1,-0.252646
6902,13,3,3.41189
5825,7,2,3.958114
8826,16,4,5.186142
8316,13,3,3.362444
7892,11,3,4.81699
2894,5,1,-0.274352
7595,15,3,3.494392
3596,4,1,-0.100504
7316,13,4,7.0
6555,13,2,1.644294
3351,5,1,-0.215922
6869,11,2,1.110695
5085,10,1,-0.421053
2114,6,2,2.708013
6543,15,4,3.88069
5962,10,2,2.29517
5871,10,1,-0.386556
8184,18,3,1.996442
1727,3,1,-0.229416
8436,18,3,1.973726
3468,8,2,2.213211
5957,9,1,-0.386556
6888,12,3,2.809594
7766,12,2,1.7997
7527,11,3,3.837613
8164,10,2,2.213211
8432,14,2,2.291288
8159,13,2,1.581339
4224,10,4,6.043478
7048,14,3,2.873524
5111,13,3,2.175773
7321,11,1,-0.533465
1896,6,2,2.384681
8410,14,3,3.008748
6814,15,3,2.272029
3303,5,1,-0.204124
6991,11,2,1.581339
8783,14,3,3.149822
9876,14,2,1.172171
7525,16,3,2.979633
3057,6,2,2.708013
4558,6,2,2.850718
7220,12,3,3.548662
3639,5,1,-0.100504
1734,3,1,-0.175863
3315,5,1,-0.274352
6921,11,2,1.188761
6750,13,4,4.037867
9283,14,3,2.94711
1770,2,1,0.0
7929,18,3,2.0226
4110,6,2,3.400801
5677,10,3,3.912077
7966,12,3,2.599735
5469,7,1,-0.373632
4804,7,1,-0.142857
4093,4,1,-0.229416
8609,15,3,3.043305
4045,6,2,4.358899
6463,10,1,-0.502603
6080,9,2,1.829707
4754,8,3,5.304727
3253,5,2,3.179797
1625,3,1,-0.175863
5051,7,3,7.564266
3236,5,2,7.0
4462,9,2,1.611559
5807,8,1,-0.301511
5766,6,1,-0.238919
1673,3,1,-0.100504
1525,1,1,0.0
6169,14,3,2.883223
3629,6,1,-0.281939
2918,3,1,0.0
5819,11,2,1.450105
8610,15,3,3.188596
8235,17,3,2.407987
7804,13,3,2.914524
7434,10,2,3.0
7718,13,2,1.07251
6545,11,3,3.362866
2217,3,1,-0.142857
8595,13,2,1.581339
6060,13,2,1.368494
7916,17,3,2.317049
7154,16,3,2.595543
9196,17,3,1.996442
2258,3,1,-0.175863
5389,9,1,-0.377964
8249,13,3,2.840838
8022,14,3,3.310064
4756,9,3,3.463415
1805,3,1,-0.100504
5718,9,3,4.20199
7908,11,2,1.741001
8652,17,3,2.572896
4787,8,2,2.483064
5551,10,2,1.566726
7709,8,1,-0.320358
4324,8,1,-0.351562
8520,14,3,3.597808
3174,6,1,-0.415581
9142,14,3,3.775478
1298,3,1,-0.175863
5609,12,3,3.156821
4087,10,3,4.151579
5099,7,2,3.644957
6808,12,1,-0.51558
4657,6,2,3.187999
7798,13,2,1.464819
6833,10,1,-0.382046
6781,13,4,7.0
3513,6,1,-0.314485
5999,7,1,-0.294884
8282,17,3,3.353941
5103,8,1,-0.34641
7916,11,3,2.337333
5851,9,3,4.682677
6390,10,1,-0.407189
5911,8,1,-0.3386
8890,18,4,3.597436
5212,9,3,4.644198
8707,15,3,3.841749
3468,7,2,2.844452
4387,9,3,4.871779
4034,8,1,-0.314485
7192,12,2,1.243702
9489,17,3,2.529956
6142,14,3,1.993411
6779,9,2,2.586949
6157,11,1,-0.517522
1827,6,2,1.905159
5378,9,2,1.414214
4734,9,2,1.865992
7687,11,1,-0.484322
6843,13,3,3.173911
7659,11,2,1.535019
8098,13,3,4.737271
5783,9,2,2.067904
7280,14,3,3.077266
5129,8,2,2.483064
7449,10,2,1.462758
3417,7,1,-0.373632
5181,10,2,2.209605
2006,3,1,-0.175863
7187,15,3,2.134128
4520,7,1,-0.333333
6917,9,1,-0.356332
6865,12,3,3.229168
9771,16,3,3.49929
6707,11,3,2.510449
7390,15,3,2.853145
6571,12,3,3.072189
2210,5,1,-0.294884
3182,6,2,3.958114
6022,10,2,1.735004
3118,6,1,-0.314485
1382,3,1,-0.100504
3976,9,2,2.147318
7145,10,3,4.024922
2261,4,1,-0.229416
7300,12,3,3.448394
2831,6,2,2.223472
3051,7,1,-0.369274
7110,12,2,1.543644
7059,14,3,2.221408
8667,13,3,4.29696
5237,10,2,1.781955
6607,9,2,2.713602
7633,13,3,3.732031
7534,11,2,1.765159
8697,14,2,0.968496
4112,10,2,1.431789
6020,9,2,3.391165
5475,9,2,3.0
4620,5,2,3.958114
1941,3,1,-0.165521
3890,8,3,3.333847
7421,11,1,-0.554495
4999,9,2,1.383837
6868,6,2,4.358899
5368,8,2,3.007114
6535,9,2,1.647929
7032,15,3,2.126481
6578,11,2,1.204829
2599,3,1,-0.142857
2904,3,1,-0.142857
3910,4,1,-0.142857
8725,16,3,3.043414
7285,14,3,2.490125
8377,15,3,3.043414
7295,14,2,0.847172
5047,6,1,-0.165521
3298,7,2,1.814124
7412,11,3,5.125693
8685,15,3,2.654954
8353,15,3,2.770523
9283,16,3,3.188596
6963,13,2,1.611559
8174,11,1,-0.487467
2860,1,1,0.0
2913,8,2,2.213211
7558,9,3,4.559354
5727,7,2,2.483064
8169,12,3,3.200529
5703,12,3,3.732031
9082,16,3,2.94711
2613,4,1,-0.175863
8039,10,3,3.311924
1851,2,1,0.0
5816,9,1,-0.527645
5541,7,1,-0.281939
7184,12,2,0.961732
7395,13,4,4.980192
6881,9,3,4.242641
8593,15,3,3.552878
1892,3,1,-0.135388
2090,8,2,1.439699
5486,9,2,1.674827
6270,10,2,1.705606
8627,16,3,3.043414
4752,7,1,-0.403473
6643,11,2,1.035383
4881,10,3,4.445641
2586,7,1,-0.415581
8072,15,3,3.153846
6709,10,2,2.29517
1809,2,1,-0.100504
3082,5,2,4.898979
6054,8,2,2.708013
8022,13,3,3.131935
7300,10,2,1.950378
7024,15,3,2.509609
1854,5,2,3.391165
6583,8,2,3.179797
3723,5,1,-0.386556
6704,12,3,3.798773
9459,15,3,2.508061
3620,3,1,-0.100504
1578,2,1,-0.100504
6260,12,2,2.064742
9446,13,2,1.407711
4518,9,3,5.125693
4029,4,1,-0.252646
7073,14,3,2.770523
7772,11,2,2.209605
6126,8,1,-0.373632
3549,6,2,4.358899
5512,9,1,-0.403473
7137,8,3,5.7853
6811,11,3,3.841749
5770,10,2,3.179797
4164,6,1,-0.217072
7184,12,3,2.961954
6843,12,2,1.529493
6896,11,2,1.356801
5252,6,1,-0.204124
788,2,1,-0.175863
7519,10,1,-0.415581
8242,15,2,0.894957
6513,12,2,1.529493
7162,11,3,5.360431
4037,7,3,5.728716
2768,4,1,-0.142857
5286,11,2,1.695652
3472,10,3,3.53009
7407,8,1,-0.314485
3880,9,1,-0.495188
8213,13,3,2.003295
6146,8,3,4.963973
7693,13,3,3.668997
4505,8,2,2.213211
4853,10,2,0.80459
7201,12,2,0.818388
8693,13,3,3.966859
3632,2,1,-0.100504
5241,11,2,1.283516
1639,6,1,-0.296217
7861,15,4,3.82366
6988,8,3,5.125693
7654,12,2,1.779513
3004,2,1,0.0
6451,13,3,3.077266
6028,11,2,1.581339
5523,8,1,-0.420084
6752,9,2,2.011435
7280,14,3,3.448394
8042,18,3,2.629386
5643,9,2,1.921098
5658,12,3,2.694687
7685,11,3,4.120978
3858,9,2,2.483064
9023,14,4,4.755482
7014,13,3,3.944799
6713,10,1,-0.415581
6346,12,1,-0.592333
4343,10,2,1.788854
5938,10,2,2.137744
6450,12,2,1.196249
6011,9,1,-0.426401
2902,5,1,-0.175863
2290,4,1,-0.294884
5394,11,3,4.151579
6394,12,3,3.41189
3903,6,1,-0.333333
6607,9,3,6.040466
5496,9,1,-0.296217
4357,7,2,2.239747
6665,11,2,2.067904
6008,12,2,1.13713
2661,5,1,-0.204124
2784,3,1,-0.204124
6661,12,2,1.347151
1895,3,1,-0.217072
6469,12,2,1.207211
7501,13,3,2.94711
7908,13,3,3.841749
4890,10,2,1.741001
2173,4,1,-0.229416
8156,11,2,1.529493
4906,9,3,3.458458
8685,15,2,1.652574
6209,10,1,-0.468521
6003,9,1,-0.3386
430,0,0,0.0
5943,8,2,2.844452
6692,8,2,2.591989
6952,12,3,4.024922
3656,3,1,0.0
5962,12,2,1.299867
1642,4,1,-0.229416
2661,1,1,0.0
5978,9,2,1.905159
5011,8,1,-0.382046
7685,12,3,2.85131
4472,5,1,-0.175863
3879,3,2,9.949874
5339,6,3,7.505553
4981,7,2,3.644957
5867,10,1,-0.356332
1565,4,1,-0.175863
6798,14,3,3.775478
6925,10,3,3.155844
8985,13,3,3.766127
2543,2,1,0.0
8770,19,3,1.395037
4133,9,3,5.560455
3545,2,1,-0.100504
7397,14,3,4.066514
6192,11,3,3.742514
3012,6,1,-0.252646
7223,11,3,3.841749
4691,12,3,3.353941
947,0,0,0.0
2944,4,1,-0.204124
8392,13,2,1.499191
3701,5,1,-0.229416
1833,3,1,-0.175863
6918,14,3,1.792167
8215,13,3,3.986851
2212,5,1,-0.252646
7390,13,2,1.009026
5774,12,3,2.743977
7011,12,3,3.173911
1833,5,3,5.7853
6991,12,3,3.490778
5867,11,2,1.483651
1765,3,1,-0.165521
7855,14,2,1.464819
8412,13,3,3.798773
7445,11,3,2.454954
6932,13,3,2.873524
7424,15,3,2.883223
4361,8,1,-0.383131
7055,10,1,-0.403473
7694,15,3,2.471048
6482,12,3,3.353941
4852,9,2,1.7997
5817,11,2,1.885618
6905,10,2,1.407711
6672,9,1,-0.369274
7749,14,3,2.799023
6069,11,3,4.205949
7074,13,3,3.775478
4944,10,2,1.398757
6923,9,1,-0.366508
6712,13,3,3.016415
6942,11,2,2.137744
6800,13,2,1.299867
2684,8,2,2.011435
6581,10,3,5.125693
7961,15,3,1.85741
8006,16,3,2.435197
7223,11,2,1.689306
8553,14,3,3.05329
7569,10,3,4.066514
4562,9,2,1.662145
7894,15,3,3.668997
1867,2,1,0.0
5239,10,3,4.300232
3195,7,2,2.223472
4917,7,2,3.644957
6530,15,4,3.932002
6116,10,3,4.871779
4890,6,1,-0.274352
8326,14,3,3.077266
7674,13,3,3.008748
4398,8,2,2.29517
1869,2,1,0.0
1962,4,1,-0.252646
7697,11,1,-0.361538
4731,8,2,3.0
6367,13,3,2.97551
5955,8,2,2.850718
2525,5,2,2.29517
5647,12,3,3.19023
4944,11,3,2.968661
8347,19,3,1.761286
7414,12,3,3.077266
2612,6,1,-0.330477
4567,8,3,4.024922
7731,13,3,3.574756
5989,12,3,3.798773
6230,8,2,2.844452
2214,3,1,-0.142857
4851,7,3,6.275716
6648,12,2,1.646464
3700,7,2,3.007114
8414,14,3,2.56081
3677,8,1,-0.45257
6239,10,3,4.445641
6160,7,1,-0.369274
5679,10,2,1.215785
6419,11,3,3.490778
6430,10,2,1.593118
2189,6,1,-0.373632
2016,4,1,-0.229416
7093,14,2,1.439699
8109,12,3,2.763815
3604,4,1,-0.204124
6105,13,3,3.798773
3342,5,1,-0.3386
4304,11,3,4.151579
6691,7,1,-0.229416
2641,4,1,-0.175863
5856,13,2,1.052633
4224,8,3,5.304727
4838,8,3,5.181036
6439,12,3,2.514479
6145,12,3,3.310064
6196,10,2,1.788854
7125,13,3,3.49929
6780,11,3,3.837613
7672,14,2,1.212256
3390,7,2,2.844452
3450,6,1,-0.239957
2632,2,1,-0.142857
2406,5,1,-0.204124
6000,10,2,1.472947
3347,5,1,-0.261488
6117,12,3,3.53009
3979,6,2,2.380476
6513,13,3,2.049439
6849,14,2,0.936459
7763,13,2,1.108874
1967,4,1,-0.100504
4925,9,3,3.913571
7596,11,3,8.947214
2972,3,1,-0.100504
7772,11,2,1.496683
2987,4,1,-0.229416
6181,8,2,2.844452
5316,6,1,-0.261488
7953,17,4,3.357821
8274,16,2,1.2465
8882,15,3,3.010785
6556,10,2,2.09108
2995,4,1,-0.204124
1369,4,1,-0.281939
6745,14,3,3.043414
7734,12,2,1.572427
4412,7,2,3.391165
5561,5,2,7.0
8554,16,3,2.650624
2999,11,1,-0.646733
6402,12,2,1.464819
2355,2,1,0.0
5508,12,3,2.523573
5805,9,3,6.333333
5985,8,3,4.559354
8654,16,3,2.643035
7719,11,3,3.517632
3171,7,2,3.179797
1900,3,1,-0.142857
4270,6,1,-0.229416
2724,3,1,-0.100504
6519,10,2,1.611559
6673,10,2,2.002981
4805,6,1,-0.217072
2646,2,1,-0.142857
6512,10,3,3.072189
2560,2,1,0.0
7451,12,2,1.197342
5299,8,2,2.291288
6801,11,3,3.131935
8193,11,1,-0.455621
6666,14,3,3.271652
3877,4,1,-0.100504
7442,13,3,2.504617
6605,11,2,1.566726
5974,11,3,2.082942
5018,8,1,-0.356332
8775,11,2,3.0
1664,3,2,4.358899
7197,14,3,2.777492
6867,13,2,1.194101
3139,7,1,-0.312737
7520,14,3,3.017997
8532,13,2,1.283516
7446,13,3,3.079589
3602,6,2,4.898979
3363,7,2,1.60751
8067,17,3,2.193262
6462,11,3,3.316171
4026,5,1,-0.274352
7296,15,3,2.572896
8140,15,3,2.80938
1885,5,1,-0.351562
7100,15,3,1.54899
9206,10,2,1.962991
2533,4,1,-0.252646
2592,7,2,2.147318
3135,2,1,-0.100504
8584,13,2,1.472947
8046,18,3,2.035401
7592,12,3,3.49929
2126,2,1,0.0
7861,14,3,3.65379
7829,12,2,1.632993
7967,12,3,3.944799
7004,11,3,4.066514
6880,12,2,1.687055
1670,1,1,0.0
8034,15,3,2.859405
2510,3,1,-0.175863
2023,3,1,-0.100504
5580,8,1,-0.294884
7652,14,2,1.212256
4011,5,1,-0.175863
2842,7,1,-0.252646
3525,7,1,-0.301511
1532,5,1,-0.252646
7837,17,3,1.787964
5836,12,3,2.32052
4030,8,1,-0.420084
5626,12,2,1.059741
6103,6,2,2.850718
5635,11,2,1.183216
8966,14,3,3.446562
5313,9,2,1.885618
6658,12,3,1.687421
2146,5,1,-0.294884
4660,9,1,-0.398673
6099,12,3,3.156821
4706,7,2,2.844452
5921,12,3,2.499814
3716,7,2,2.713602
9303,16,3,1.805672
7317,11,3,3.869565
4582,8,2,2.076881
8056,13,3,3.798773
7575,13,3,3.471314
4912,7,1,-0.314485
1067,3,1,-0.175863
3879,5,1,-0.204124
1064,0,0,0.0
1587,2,1,-0.100504
5713,11,3,2.483512
7548,10,3,3.71864
5660,9,2,2.478479
2689,5,1,-0.281939
6059,13,2,1.572427
7461,14,3,2.981048
6080,13,3,2.529956
6594,9,1,-0.3386
8447,15,3,3.023716
3661,6,3,6.333333
4719,9,3,4.520269
3901,7,1,-0.399475
1575,4,2,3.391165
6763,13,2,1.472947
5106,9,3,5.019011
7076,12,3,3.869565
3551,6,2,4.898979
6836,12,2,1.33928
4512,10,2,2.209605
7663,11,3,3.490778
6025,10,3,4.29696
5264,8,2,2.586949
5718,9,2,2.067904
5795,10,3,3.798773
1854,2,1,-0.142857
7830,15,3,2.599777
6378,13,3,3.333847
1938,2,1,0.0
4414,8,2,1.962991
8230,15,3,3.112743
8811,13,3,4.041452
8090,9,2,3.179797
1850,2,1,-0.100504
8438,11,1,-0.395056
1530,1,1,0.0
3615,5,2,4.358899
6464,11,1,-0.592749
6117,10,2,1.705606
7208,12,2,1.581339
7879,17,3,2.0226
7550,14,1,-0.714815
7874,15,4,3.730966
6972,13,2,1.278977
7451,12,3,2.479705
9161,15,3,2.97551
8076,12,1,-0.483368
5881,12,2,1.283551
3976,6,2,3.179797
7410,11,2,1.674827
4497,5,1,-0.261488
5444,12,2,0.847108
8875,15,3,2.047623
8121,10,2,2.483064
4105,5,1,-0.175863
1013,3,1,-0.19245
8044,12,3,4.205949
4371,8,1,-0.386556
4437,8,2,2.137744
5865,9,1,-0.407189
5816,9,1,-0.455621
5785,9,3,4.406001
4156,6,2,2.713602
7128,10,2,1.543644
6695,10,2,2.213211
7540,15,3,3.277379
3241,6,1,-0.204124
7864,13,3,3.229168
3418,5,1,-0.333333
8094,16,3,1.48363
7440,11,3,3.766127
4031,4,1,-0.142857
2228,2,1,-0.100504
2716,5,1,-0.19245
7984,13,3,3.597808
6101,8,2,2.384681
3629,7,1,-0.45257
4940,10,2,1.632993
7998,10,2,2.29517
6452,11,2,1.829707
5464,6,3,7.077214
928,2,1,-0.142857
7206,14,2,1.689306
8658,19,4,2.676428
7558,13,3,2.891399
6915,10,3,4.559354
8261,14,3,3.4
7156,11,2,1.483651
4061,8,1,-0.329617
6660,10,2,2.478479
4191,8,1,-0.373632
6033,11,3,3.41189
5424,10,2,1.043498
8486,14,3,3.198078
2160,2,1,0.0
5026,7,1,-0.252646
1697,5,2,2.844452
4104,6,1,-0.19245
7260,8,2,2.850718
6356,11,3,2.907507
2181,7,2,2.147318
7577,12,3,3.766127
5839,8,1,-0.351562
6104,5,1,-0.142857
5217,9,3,5.304727
3475,5,1,-0.204124
5908,9,2,2.380476
8194,17,3,2.537236
2252,4,1,-0.229416
8265,14,3,4.242641
6142,12,3,3.732031
5628,7,2,2.850718
5552,10,2,1.939563
8547,13,3,2.859405
7457,12,3,4.242641
6109,12,2,1.182373
4385,8,2,2.213211
3161,6,2,2.483064
5926,14,2,1.196249
6568,9,2,1.893204
4183,10,3,5.7853
7105,13,3,3.49929
4317,8,1,-0.447214
2702,6,2,2.496151
4053,12,3,1.720239
6610,8,1,-0.314485
7712,13,2,1.2465
9024,12,2,1.354526
6012,12,2,1.081894
6595,14,3,2.392085
3102,6,1,-0.19245
3946,5,1,-0.229416
6052,9,2,2.380476
6153,9,3,4.379199
2734,2,1,0.0
1940,3,1,-0.175863
7030,12,2,1.499191
6651,12,3,3.188596
4783,10,2,1.237179
6535,11,2,1.368494
6077,8,2,2.137744
7678,14,2,1.36936
6900,15,3,2.328935
3370,9,3,4.242641
5776,10,1,-0.423547
7835,14,2,1.196249
2488,6,1,-0.314485
2629,3,1,-0.175863
8047,13,3,2.572896
6014,8,2,2.076881
7675,13,1,-0.554495
7158,15,2,1.306549
8200,9,1,-0.301511
6224,11,3,3.869565
2867,8,2,2.478479
1307,2,1,-0.100504
6510,11,1,-0.386556
6142,13,3,2.388999
6814,13,3,3.574756
6392,11,2,2.002981
3415,7,1,-0.373632
5019,11,3,3.241247
3261,6,1,-0.252646
6037,11,2,1.652574
7074,10,1,-0.305304
7114,10,2,2.064742
6689,11,1,-0.37834
3947,6,1,-0.314485
4654,8,1,-0.314485
5389,7,2,2.844452
3588,8,1,-0.281939
6263,8,2,2.306227
4429,3,1,0.0
1350,3,1,-0.204124
7431,12,3,3.131935
5759,12,3,2.599777
1404,4,1,-0.204124
1549,4,1,-0.229416
6517,9,2,1.905159
7288,11,3,4.080798
3710,4,1,-0.175863
7647,14,2,1.085314
8038,12,1,-0.415581
4812,9,2,2.213211
8255,14,3,2.512912
5965,12,2,1.310556
7393,14,3,2.643335
5685,12,3,3.268233
5507,10,2,1.781955
6475,14,2,1.125898
3728,7,2,1.647929
4018,8,2,1.950378
4545,6,1,-0.294884
6505,11,1,-0.408248
4424,10,3,3.766127
3982,5,1,-0.142857
3058,3,1,-0.142857
6673,11,3,3.143223
8894,12,3,3.798773
7260,13,3,3.286456
7285,15,3,2.599777
7152,10,2,1.624331
4157,6,1,-0.333333
3816,8,1,-0.407249
3559,10,2,1.231554
6158,14,3,2.584759
3213,6,2,3.391165
8014,16,4,4.262014
7211,11,2,1.535019
4011,7,1,-0.37909
8384,12,3,3.217811
5897,8,1,-0.100504
5380,11,2,1.431789
7442,12,3,4.682677
6116,9,1,-0.351562
5743,9,2,2.29517
980,2,1,0.0
4866,11,3,3.635026
7469,11,1,-0.471405
3709,4,1,-0.142857
7752,14,3,2.743977
1968,9,2,1.499191
5554,9,1,-0.455621
6405,14,2,1.183216
6498,11,2,1.832261
7736,12,2,1.499191
4856,8,1,-0.423547
7737,14,3,2.949787
2244,4,1,-0.229416
5555,5,1,-0.274352
6038,9,2,1.906608
5893,6,1,-0.274352
7863,11,2,1.472947
7824,13,3,3.353941
5792,7,1,-0.261488
5290,9,2,3.0
5561,10,3,4.559354
8372,13,3,3.775478
7806,15,3,2.883223
7810,17,2,0.686223
2200,5,1,-0.237356
8230,11,2,2.213211
3678,6,1,-0.407189
7671,11,2,1.893204
2130,2,1,-0.100504
7124,8,1,-0.333333
5931,9,1,-0.34641
5028,9,2,1.705606
9474,16,3,2.595543
7434,10,3,4.173205
3209,7,2,2.306227
6452,10,3,4.242641
6121,11,2,1.417843
3579,10,3,3.574756
3972,9,2,2.064742
3374,8,2,2.483064
1237,3,1,-0.301511
6085,10,2,2.478479
823,2,1,-0.142857
6717,11,2,1.439699
5684,9,3,4.81699
1203,1,1,0.0
7090,14,2,1.318418
7421,12,2,2.0
5643,12,2,1.13713
7366,11,3,4.445641
5533,11,2,0.67082
7173,11,2,1.832261
7658,14,2,1.566726
7395,12,2,1.417843
3984,10,2,2.137744
3988,8,2,1.472947
5807,10,2,1.705606
5471,10,3,4.20199
2959,3,1,-0.100504
1623,3,1,-0.229416
6977,11,3,3.986851
2628,4,1,-0.193247
6149,12,2,1.518587
7769,14,3,3.153846
4304,5,1,-0.294884
6845,9,2,1.865992
3228,5,2,5.686241
2338,4,1,-0.217072
4098,9,3,3.668997
8791,17,3,1.551803
5224,10,2,1.839484
6921,10,3,6.040466
4984,10,2,1.581339
9252,19,3,2.031144
2440,4,1,-0.204124
9653,17,3,2.26689
7352,12,3,3.574756
5755,9,2,3.179797
4305,8,1,-0.373632
3614,4,1,-0.274352
1633,3,1,-0.100504
2211,2,1,0.0
880,2,1,-0.100504
7975,13,3,3.552878
6192,13,2,1.051585
5984,11,3,4.151579
7950,11,2,1.483651
7474,12,2,1.477475
9062,15,3,3.49929
4463,5,1,-0.274352
7213,10,2,1.246445
5933,8,3,4.20199
6930,10,2,1.788854
7467,15,4,4.250222
2004,2,1,0.0
8218,13,2,1.257237
7960,14,3,3.11736
4939,13,3,3.574756
1199,5,2,2.024791
7846,14,3,3.010785
5754,12,3,3.353941
3902,7,1,-0.274352
9037,17,3,2.796431
8203,14,3,2.599777
3456,7,1,-0.351562
5900,10,2,2.483064
5169,4,1,-0.142857
9164,17,3,2.89378
5842,10,2,1.383837
5757,7,1,-0.332243
2844,4,1,-0.217072
2298,5,1,-0.252646
6282,11,2,1.788854
8389,15,3,3.149822
4559,9,1,-0.502603
4618,6,1,-0.301511
7168,14,3,1.956703
4517,4,1,-0.175863
4131,4,1,-0.175863
3491,6,1,-0.320358
7930,16,3,2.672558
7628,15,3,2.529822
2099,7,1,-0.408248
3026,3,1,-0.175863
3606,9,3,3.891856
5795,14,3,2.358511
7534,16,3,3.448394
2358,5,1,-0.204124
2930,6,1,-0.314485
6005,13,3,3.548662
6558,11,2,1.439699
1876,3,1,-0.100504
4081,5,1,-0.261488
6704,11,1,-0.457144
6391,7,1,-0.252646
5401,8,2,2.591989
6819,9,1,-0.330477
6584,12,2,1.535019
6319,12,3,2.705185
7888,17,3,2.672558
2435,4,1,-0.217072
3508,6,2,3.644957
7770,18,3,1.67332
6749,6,1,-0.229416
7569,15,3,2.624756
6806,12,3,3.173911
7087,13,3,3.316171
4726,9,2,2.29517
6630,9,1,-0.333333
6669,7,1,-0.294884
4559,5,1,-0.204124
2525,4,1,-0.295837
4262,5,1,-0.274352
6995,12,2,1.339788
6447,13,3,2.80938
5982,11,2,1.472947
7732,14,3,2.284259
2010,4,1,-0.229416
6496,17,4,3.920409
5524,12,3,2.763815
4371,6,2,3.958114
6408,7,1,-0.296217
3369,5,1,-0.239957
4376,9,4,7.632775
3421,5,1,-0.314485
2329,5,1,-0.252646
5943,13,3,3.841749
1920,4,1,-0.204124
5057,7,1,-0.301511
3042,1,1,0.0
7223,12,3,2.584759
4042,4,1,-0.100504
4633,9,3,4.682677
6932,11,3,2.499814
7850,14,4,5.035943
7160,13,3,2.079563
8651,15,3,3.775478
6500,12,3,2.668548
1875,4,1,-0.204124
6157,13,2,1.237597
2208,4,2,3.644957
3234,8,2,2.380476
1709,0,0,0.0
4704,7,1,-0.3386
883,2,1,-0.100504
1512,6,2,1.979831
5150,8,1,-0.100504
6361,12,3,3.944799
2588,5,1,-0.333333
6936,13,3,2.337333
6157,9,3,4.520269
7716,17,3,2.572896
7599,12,3,4.682677
6654,9,2,1.674827
3506,6,1,-0.252646
7160,11,1,-0.436436
3339,9,2,2.067904
7182,11,3,2.453142
2198,2,1,-0.100504
3961,6,2,2.606391
5663,6,1,-0.204124
6717,12,2,2.064742
7713,14,3,2.032002
8166,13,3,2.826929
6959,10,2,2.586949
4944,8,2,3.644957
6968,14,3,1.781955
8841,13,3,3.668997
6887,12,2,1.652574
6251,11,2,1.450105
4579,10,1,-0.550743
4119,8,2,2.134375
6271,9,1,-0.373632
7819,13,3,3.912077
8432,15,3,3.353941
1909,2,1,0.0
6819,10,2,1.705606
2769,7,1,-0.295837
8822,17,3,2.512912
2761,4,1,-0.100504
4623,11,1,-0.646162
7036,12,1,-0.436928
8048,17,3,1.458246
8584,15,3,2.859405
8001,16,3,1.481487
6848,12,2,1.611559
5435,10,1,-0.594803
7036,12,2,1.543644
2709,7,2,2.29517
3013,5,1,-0.204124
7118,9,2,1.229008
4821,10,3,3.05329
6775,11,3,2.312899
5631,8,1,-0.403473
6766,12,2,1.431789
8815,12,2,1.37689
4079,9,3,3.113105
8239,17,3,2.624756
7850,14,2,1.311207
6354,10,3,3.732031
1511,1,1,0.0
6838,12,2,1.611559
6802,13,3,3.156821
5383,10,2,1.788854
2524,2,1,-0.100504
6419,9,2,1.942385
6038,8,1,-0.471405
5145,10,3,4.242641
4398,4,1,-0.175863
5093,10,1,-0.423547
6363,10,3,4.173205
7157,14,2,1.103629
1734,3,1,-0.142857
4428,7,2,2.591989
2402,8,3,4.024922
5845,13,2,1.135815
5293,10,2,1.662145
4002,7,1,-0.333333
7571,14,4,5.745203
4927,10,2,1.555032
5605,10,2,1.310556
4165,6,1,-0.229416
7550,12,2,1.417843
7963,12,3,2.560001
1487,3,1,-0.142857
1577,3,1,0.0
5674,12,3,3.198078
3536,5,1,-0.142857
5768,10,3,4.520269
6937,14,2,0.948683
6628,9,3,5.181036
5484,10,1,-0.383131
10068,17,3,2.352859
7353,15,2,1.009026
5719,9,2,2.591989
1632,3,1,-0.100504
5699,11,3,3.247296
7260,11,2,2.134375
6419,9,1,-0.403473
7719,13,3,4.737271
7276,14,3,3.775478
5697,7,2,3.958114
6856,9,2,1.547708
1828,1,1,0.0
6634,11,3,2.828632
2655,4,2,2.591989
7265,12,2,1.002318
5243,8,2,1.893204
4017,4,1,-0.19245
4062,8,1,-0.457144
7554,8,1,-0.19245
6653,15,3,2.589504
4833,10,1,-0.426401
4916,10,2,1.788854
7665,11,2,2.478479
5845,9,2,1.735004
5096,9,3,4.871779
7868,14,2,1.646464
4933,11,2,1.231554
6306,9,2,2.591989
10153,21,3,1.558234
4426,7,1,-0.349563
2128,5,1,-0.229416
7822,13,2,1.311207
4080,9,2,1.518587
6063,10,2,1.37689
8267,14,4,4.563833
2822,4,1,-0.229416
6620,11,2,1.347151
2295,2,1,0.0
6580,12,2,0.820553
3184,5,1,-0.229416
7008,9,3,4.779187
7954,18,3,1.941451
4922,9,1,-0.314485
5949,11,1,-0.431484
2909,6,1,-0.261488
5569,12,3,3.798773
7800,13,3,3.732031
8115,13,2,1.718809
6984,10,2,2.213211
4618,8,2,3.0
9276,17,4,4.865818
4405,7,1,-0.333333
7222,16,2,0.658218
6616,10,2,1.237179
6341,10,2,1.483651
5810,11,2,1.7997
7971,12,3,3.229168
5689,9,2,2.708013
6244,9,2,2.002981
4215,4,1,-0.204124
6504,10,3,3.698714
3185,3,1,-0.100504
7628,11,3,4.205949
6166,9,1,-0.377964
3470,7,2,3.0
5857,7,2,3.0
7444,14,3,2.97966
6704,9,1,-0.301511
1740,3,1,-0.100504
8902,15,3,3.41189
5222,11,2,1.695652
7851,12,2,1.356801
6116,10,2,1.39732
6230,9,2,2.844452
2331,6,2,2.591989
4061,7,1,-0.261488
7733,14,3,3.188596
3508,6,1,-0.332243
9332,18,3,2.650548
5524,10,1,-0.453604
6022,12,2,1.444444
5564,11,2,0.961524
3464,5,1,-0.294884
6411,13,2,1.36936
7774,11,2,1.566726
6694,13,3,3.112743
5864,13,3,3.712925
4605,7,2,2.713602
5679,10,1,-0.383131
6224,11,1,-0.554495
8131,11,2,1.356801
7295,11,1,-0.579474
5143,7,2,2.32379
5082,13,2,1.518587
8162,15,3,2.064742
2912,4,1,-0.204124
6498,8,1,-0.351562
2686,5,1,-0.252646
5588,10,2,1.652574
3848,7,2,2.291288
8219,13,3,3.198078
6952,14,2,0.985743
7022,12,1,-0.447214
7705,9,1,-0.3386
4712,7,2,3.0
4481,5,1,-0.204124
4112,10,3,3.635026
7226,14,3,3.149822
7056,10,3,4.024922
8424,12,3,4.066514
7407,10,1,-0.31246
2158,7,2,1.718809
4726,7,1,-0.332243
9349,16,3,3.153846
3683,6,2,2.024791
5302,10,2,1.398757
7281,10,2,1.942385
885,3,1,-0.229416
6362,9,2,2.067904
6537,13,3,4.242641
6721,8,3,6.67408
7539,13,3,2.914524
7390,16,4,4.429454
6695,12,1,-0.645819
6038,10,3,3.609722
6416,12,2,1.106606
3616,6,2,2.708013
1813,6,1,-0.261488
8422,12,2,1.257237
4164,9,2,1.7997
2922,3,1,-0.142857
5514,9,3,2.873524
6796,10,2,1.695652
7552,10,2,1.939563
7517,12,2,1.566726
2466,2,1,-0.100504
7036,12,2,1.269622
2474,6,1,-0.314485
5244,9,2,2.076881
2515,1,1,0.0
6555,12,2,1.327857
5493,11,2,1.572427
3498,8,2,2.29517
6791,12,1,-0.49535
4865,9,2,2.209605
8209,14,3,3.198078
3140,4,2,3.007114
7492,11,3,4.300232
7775,11,2,2.0
6177,11,2,1.581339
6105,11,2,1.611559
7749,12,2,1.832261
7340,8,1,-0.252646
4656,3,1,-0.175863
2080,3,2,4.924685
8191,14,3,3.054088
7708,14,3,2.691194
4379,11,2,1.382047
1746,3,1,-0.142857
5909,6,1,-0.229416
3713,9,2,1.7997
5964,11,2,1.555032
3173,6,1,-0.294884
5382,11,2,1.494119
7785,10,1,-0.3773
3833,8,2,1.662145
4379,5,1,-0.175863
3000,6,2,3.179797
1885,4,2,5.686241
4248,9,2,3.644957
6033,11,3,4.5
6407,13,3,3.544745
4176,7,1,-0.333333
7250,11,3,3.286456
5319,6,1,-0.175863
6584,13,3,3.016415
8868,18,4,3.862258
6778,11,3,3.668997
4036,5,1,-0.252646
6437,11,2,1.732051
7321,13,3,2.479649
6170,12,2,0.831784
7524,12,3,3.383578
6743,15,3,3.712925
5785,8,1,-0.34641
1624,1,1,0.0
1242,3,1,-0.100504
5066,6,1,-0.294884
6159,8,2,3.644957
7616,16,2,0.716253
8280,17,3,2.694687
6984,11,3,3.635026
4059,4,1,-0.175863
4638,10,2,1.264911
5020,10,3,3.518263
2054,2,1,-0.142857
7003,16,3,1.770827
7497,11,3,4.34039
6253,9,2,2.586949
1550,3,1,-0.175863
3039,8,3,5.089553
8043,15,3,2.650624
3901,7,2,3.391165
6380,11,3,3.742514
4259,10,2,1.142631
3629,7,1,-0.332243
3640,4,1,-0.229416
5112,10,3,4.559354
2827,4,1,-0.274352
7084,14,3,2.721794
6652,11,2,2.002981
6347,9,1,-0.301511
7152,11,2,1.7997
6394,10,2,2.591989
5915,10,2,1.444444
6455,14,3,2.921187
8124,10,1,-0.3386
6534,16,3,2.629386
8209,15,3,2.379253
5286,9,2,2.591989
5467,10,3,3.912077
7070,11,2,1.689306
7268,12,2,1.382047
5472,8,2,2.213211
7513,9,1,-0.356332
8644,13,2,1.605663
6393,10,2,2.591989
2627,3,1,-0.100504
4171,8,1,-0.439679
7042,11,2,1.620785
5911,11,3,4.110453
1914,4,1,-0.252646
9349,22,4,3.137015
8677,16,3,2.487033
3581,3,1,-0.100504
1103,4,1,-0.274352
5396,10,3,3.574756
8572,15,3,2.048174
4335,7,1,-0.366508
4628,11,2,1.620785
7386,14,3,3.229168
2374,4,1,-0.274352
8515,13,2,1.431789
6784,15,3,3.401088
7367,10,1,-0.423547
8400,14,3,3.552878
8151,14,3,3.153846
3991,5,1,-0.135388
926,1,1,0.0
4662,4,1,-0.175863
7102,11,2,1.652574
7474,15,3,3.65379
3101,6,1,-0.294884
7256,11,2,2.291288
2348,5,1,-0.274352
1059,0,0,0.0
7586,14,3,3.798773
5758,13,2,1.194101
7038,11,2,2.29517
6580,9,3,4.963973
6914,12,2,1.611559
8386,13,3,3.732031
6055,12,3,3.043414
4793,6,2,3.656552
5106,10,2,1.572427
3556,6,1,-0.345547
3076,4,1,-0.281939
3324,7,2,2.29517
6591,14,2,0.900885
6882,13,3,2.536063
7182,11,3,5.360431
6804,15,3,2.407987
8480,14,2,1.472947
8059,14,3,3.49929
5481,9,3,5.181036
2994,3,1,-0.100504
4840,9,1,-0.462798
5282,14,2,0.773442
7277,10,2,2.137744
8954,17,3,2.142857
7866,15,2,1.15288
5037,10,3,4.871779
1351,3,1,-0.142857
7735,13,2,1.078415
7318,13,3,2.840838
7895,8,2,3.644957
8519,12,3,3.65379
3498,5,1,-0.252646
2736,5,2,2.850718
8514,16,3,2.284259
7126,10,2,1.298813
6568,11,3,3.574756
5447,13,3,2.859405
4126,4,2,9.949874
6684,12,3,3.435823
3478,6,1,-0.252646
6653,13,4,3.833491
6706,11,3,4.151579
7111,16,3,2.468854
4684,10,2,1.788854
1710,5,2,3.0
6006,11,2,1.689306
8668,14,3,3.286456
4637,7,1,-0.333333
2859,6,1,-0.333333
6732,10,2,1.893204
6903,13,3,2.799023
5176,7,2,3.0
4164,6,1,-0.239957
5251,9,1,-0.420084
3770,6,3,6.333333
4008,7,2,1.555032
6968,13,3,3.362866
3711,5,2,3.656552
8553,14,2,1.323964
2785,4,1,-0.204124
3651,5,1,-0.274352
7170,13,3,2.981048
5258,8,2,3.0
2404,1,1,0.0
7955,12,3,3.49929
3457,6,1,-0.281939
7779,10,3,4.34039
6870,10,1,-0.350472
3517,6,1,-0.239957
2877,7,2,2.011435
8915,17,3,2.34906
6095,11,3,4.024922
3183,3,1,-0.100504
5237,9,3,4.151579
6854,14,3,2.914524
4627,6,1,-0.258199
6851,10,1,-0.471405
5281,9,2,1.507557
3697,6,2,2.850718
2282,8,2,1.814124
1067,1,1,0.0
3229,5,1,-0.261488
6822,11,3,3.247296
6815,9,1,-0.356332
7453,14,2,0.629393
5138,10,3,4.644198
4487,8,1,-0.415581
5159,8,2,1.905159
6363,8,1,-0.333333
5835,10,2,1.581339
3198,7,1,-0.294884
5650,13,2,1.004822
7738,10,3,5.7853
7500,11,3,3.316171
7974,11,2,1.734393
6701,11,2,1.347151
6249,13,3,2.664318
5687,7,2,2.137744
4790,8,2,2.147318
7484,11,3,4.34039
2357,2,1,-0.142857
7234,15,3,2.914524
7954,15,3,2.770523
7128,8,2,1.979831
6186,12,3,3.383578
6985,15,3,3.119082
4241,7,2,2.213211
4876,9,1,-0.423547
7758,12,1,-0.45257
6565,14,2,1.028992
8905,22,4,3.175966
4721,12,2,1.243702
5518,10,3,4.110453
2604,5,2,3.179797
7770,12,2,1.652574
1880,3,1,-0.175863
5851,11,3,4.644198
7215,15,4,3.900067
4214,12,2,1.0
6125,8,1,-0.369274
7080,10,2,2.586949
8549,12,2,1.386771
4812,9,2,2.586949
7661,11,3,3.869565
3909,7,1,-0.351562
8675,11,2,1.939563
8568,13,2,1.885618
6253,14,3,2.691194
2966,9,2,1.499191
4535,7,1,-0.356332
8643,15,3,3.112743
5768,10,2,1.741001
6866,12,2,1.206615
4782,5,1,-0.217072
6525,11,2,1.718809
7334,12,3,4.520269
2798,6,1,-0.314485
2036,5,1,-0.238919
4605,6,1,-0.229416
1492,2,1,-0.100504
1821,2,1,0.0
6842,12,3,3.841749
4935,11,2,1.611559
1542,3,1,-0.175863
7567,10,2,2.067904
2986,4,2,7.0
8758,19,4,3.83158
7475,14,3,4.120978
5537,9,1,-0.320358
1969,3,2,5.686241
6471,10,3,4.024922
1501,3,1,0.0
1460,2,1,-0.100504
4159,7,1,-0.260798
8246,14,3,4.066514
7868,11,3,3.548662
6639,11,3,3.463415
1436,4,1,-0.333333
1528,3,1,-0.175863
7005,11,3,3.944799
8805,17,2,0.714286
7556,14,3,3.65379
5036,12,3,3.091764
3691,6,1,-0.333333
7103,13,3,2.270759
3782,6,2,4.358899
3655,4,1,-0.175863
5209,14,2,1.299867
5633,10,2,1.197342
5127,7,1,-0.320358
2869,5,1,-0.274352
6666,11,2,1.356801
7499,10,2,2.002981
7394,12,3,3.574756
5897,7,2,2.850718
6724,11,3,4.81699
3219,4,1,-0.229416
2820,5,1,-0.229416
6791,14,2,0.933139
4321,8,2,2.067904
5940,11,2,1.417843
3421,7,2,2.708013
7078,12,3,3.41189
4729,11,2,1.018239
4040,8,3,5.504336
6935,9,2,1.765159
2932,4,1,-0.294884
7461,13,2,1.529493
8091,13,3,3.768495
3102,8,1,-0.390567
4463,8,2,1.765159
7212,15,2,1.237597
3467,4,1,-0.274352
5681,11,1,-0.383131
6332,10,2,2.483064
5433,12,1,-0.597351
7981,11,3,4.5
10069,18,3,2.468854
6998,12,2,1.689306
1793,3,1,-0.175863
7581,10,2,1.718809
7000,14,3,2.200916
4509,7,1,-0.217072
2125,5,2,2.844452
6601,13,3,2.779091
1448,3,1,-0.142857
6999,10,2,1.417843
1850,3,1,-0.175863
6266,12,3,3.008748
7288,14,3,3.043305
5839,10,2,1.518587
1852,3,1,-0.142857
1527,1,1,0.0
5688,9,1,-0.407189
8466,17,2,0.970292
7695,13,2,1.173754
6815,12,3,4.871779
5135,7,2,1.690361
7349,15,3,3.079589
4501,8,2,1.962991
7477,11,3,4.20199
1854,4,1,-0.252646
6618,15,4,4.325764
3218,7,2,2.483064
1723,3,1,-0.142857
944,3,1,-0.274352
6236,10,2,1.885618
1484,3,1,-0.142857
6349,12,3,3.362866
8435,16,3,1.523019
5445,5,1,-0.175863
8519,14,3,2.913037
1626,5,2,2.591989
7463,11,3,4.242641
8815,13,3,3.896752
7539,13,3,2.995394
5621,5,2,5.686241
8107,19,4,2.354627
6427,10,2,2.137744
3036,3,1,-0.100504
1585,2,1,-0.142857
7002,14,3,2.995394
8033,17,3,2.251225
5527,16,3,2.500216
1149,2,1,-0.100504
1855,2,1,0.0
7464,12,1,-0.563235
8182,13,2,0.973329
2522,2,1,0.0
6551,11,3,4.066514
8068,13,2,0.989467
1512,2,1,-0.100504
7101,11,3,4.20199
4447,9,3,3.091098
8734,16,3,2.749913
7805,14,2,1.605663
7015,8,1,-0.314485
7421,15,3,2.94711
4946,13,3,2.232458
7254,12,3,3.448394
7122,15,3,3.010785
6940,14,3,3.188596
5323,8,2,2.223472
2259,2,1,-0.100504
7696,13,2,1.218544
6858,11,3,4.559354
7008,9,2,3.179797
8197,16,3,2.994674
5865,11,3,4.445641
6904,13,3,2.560001
7257,14,3,3.316171
6163,8,1,-0.369274
6064,11,2,2.067904
6406,12,2,1.407711
2645,4,1,-0.142857
2795,4,1,-0.175863
1710,7,2,2.076881
5655,13,3,2.796431
4178,7,1,-0.407189
8171,14,3,2.650624
7647,12,3,3.766127
2217,2,1,-0.100504
2629,7,2,3.179797
6109,9,3,3.837613
809,0,0,0.0
5321,11,2,1.652574
7544,12,2,0.695095
7671,13,2,1.318418
5569,11,2,1.135815
1555,2,1,0.0
7483,14,3,3.574756
4632,10,2,2.002981
2833,5,2,3.972508
7425,8,1,-0.373632
4695,8,1,-0.320358
5495,11,2,1.885618
2338,7,2,3.391165
6882,11,3,4.110453
6138,12,2,0.897166
4966,8,2,2.306227
6413,13,2,1.173754
7371,7,2,2.708013
3707,6,1,-0.333333
2548,2,1,0.0
1960,2,1,-0.100504
6256,9,1,-0.399475
5341,11,3,3.383578
1291,4,1,-0.229416
3789,6,1,-0.142857
8576,13,3,3.574756
5913,8,2,2.496151
5648,11,2,1.518587
4863,8,1,-0.3386
4563,10,3,4.024922
8368,14,3,3.241247
6550,10,3,3.814918
6606,9,1,-0.438599
8694,11,3,4.151579
7288,11,2,1.243702
7144,10,1,-0.274352
7330,13,3,2.391857
1780,4,1,-0.175863
2268,2,1,-0.100504
3180,6,1,-0.314485
6933,10,2,2.708013
8139,12,3,2.860317
2875,4,1,-0.142857
6399,10,2,1.450105
3939,5,1,-0.175863
6856,14,3,2.769694
8022,12,3,2.479705
5087,8,1,-0.356332
6112,10,2,2.147318
3598,9,2,1.620785
7194,12,2,2.011435
7502,12,1,-0.455621
3528,5,1,-0.175863
2524,6,3,5.728716
4577,11,3,3.131935
6049,8,3,6.67408
2768,3,1,-0.175863
4933,9,1,-0.439679
3498,4,2,3.656552
6181,7,1,-0.260798
6826,11,2,1.472947
2738,4,1,-0.217072
4763,7,2,3.179797
3726,10,3,4.024922
3939,8,1,-0.420084
4705,9,1,-0.366508
6891,10,3,4.559354
8286,17,3,1.689564
3496,5,1,-0.142857
5961,10,3,4.20199
9682,14,3,3.668997
7182,14,3,2.741412
7651,12,2,1.646464
7309,13,2,1.426704
8342,14,2,1.407711
6551,13,3,2.779091
8151,13,3,3.463415
3290,5,2,2.844452
1416,3,1,-0.229416
6990,10,2,1.893204
5934,6,1,-0.204124
3874,11,1,-0.410817
6649,11,3,2.919995
1984,3,1,-0.165521
6714,9,2,2.223472
4530,8,2,1.444444
5267,10,2,2.586949
3462,5,1,-0.252646
3796,6,1,-0.294884
6785,13,2,1.751377
7035,12,3,3.490778
7306,11,2,2.213211
6398,13,3,3.65379
5185,5,1,-0.229416
3783,8,2,2.844452
9341,14,3,3.41189
2909,5,2,2.291288
7929,14,3,2.733967
5765,10,3,3.383578
1382,1,1,0.0
6221,13,3,2.80938
6460,9,2,2.844452
9658,19,3,1.785807
5824,10,2,1.885618
1354,1,1,0.0
3836,6,1,-0.257775
5335,9,3,4.066514
7579,11,3,4.613805
4685,8,1,-0.369274
5771,14,2,0.895558
6411,13,3,2.391169
7288,14,2,1.263701
4522,5,2,4.358899
4086,7,1,-0.204124
2014,4,1,-0.294884
6472,12,2,1.581339
6599,11,2,1.581339
4389,10,2,1.06326
5234,9,1,-0.468521
4079,7,1,-0.261488
7524,10,2,1.620785
8035,13,2,1.013109
4433,5,1,-0.274352
5916,11,3,3.986851
6073,8,2,3.007114
5291,5,1,-0.252646
7605,10,3,2.919995
3338,3,1,-0.142857
9357,15,3,2.210572
4507,10,3,3.668997
5121,5,1,-0.175863
7455,15,3,3.043305
3776,8,3,4.300232
5140,11,3,3.072189
6116,10,3,3.698714
8641,12,2,2.478479
4704,4,1,-0.142857
5519,10,3,4.34039
6262,11,3,4.871779
4412,7,1,-0.252646
6949,11,2,1.734393
5120,8,1,-0.314485
6769,11,1,-0.471405
5373,8,1,-0.468521
7994,14,4,4.064092
5408,9,1,-0.436436
4431,8,2,3.0
7360,8,2,2.29517
4760,7,1,-0.217072
5468,9,2,2.024791
6361,6,1,-0.274352
5829,11,3,3.156821
6970,11,2,2.0
5545,9,3,5.728716
5965,9,1,-0.439679
3350,4,1,-0.175863
4575,7,1,-0.229416
1601,4,2,3.958114
5081,8,2,1.950378
5925,12,2,1.049387
4349,6,1,-0.369274
4115,8,1,-0.296217
3983,8,2,2.384681
3447,5,1,-0.332243
6103,11,2,1.296357
7238,13,3,2.40768
2889,5,1,-0.229416
3714,7,1,-0.229416
6444,11,2,2.134375
6529,10,1,-0.420084
5016,9,3,5.7853
6045,8,2,2.384681
8021,15,1,-0.550743
2046,4,1,-0.239957
7461,11,4,7.22761
7121,15,2,0.715237
6001,9,2,2.223472
4218,6,1,-0.252646
8521,16,3,2.487033
3800,5,1,-0.204124
8013,14,2,1.368494
3086,7,2,2.09108
4948,11,2,1.439699
7625,9,3,3.913571
7978,12,2,1.246562
2869,3,1,-0.142857
4105,7,3,7.077214
7544,13,3,3.333847
5664,7,2,2.586949
2302,4,1,-0.229416
6146,9,2,1.221597
7360,13,2,1.529493
6998,13,2,1.718809
7397,10,1,-0.423547
7479,15,3,2.468854
1234,3,1,-0.175863
3536,2,1,0.0
5282,6,1,-0.204124
6699,14,4,4.257062
6519,12,3,3.415507
3485,10,3,4.242641
6089,12,2,1.296357
2620,6,2,3.0
3348,7,3,3.800485
8228,13,2,1.535019
1754,5,1,-0.314485
9479,22,3,1.254179
6318,10,2,2.002981
3995,9,2,1.839484
6449,14,3,3.188596
6642,13,4,4.275023
6057,11,2,1.529493
4230,8,2,2.380476
4660,8,2,1.264911
6517,10,1,-0.426401
1460,4,1,-0.175863
4671,10,3,3.668997
7992,14,2,1.051585
7645,16,3,2.598327
7053,10,2,2.29517
7202,12,3,4.024922
6791,12,3,3.517632
4793,6,2,3.0
3255,7,1,-0.369274
2056,3,1,-0.252646
7949,14,4,5.28034
4985,9,2,1.905159
6135,12,3,2.249821
4726,9,1,-0.37909
6783,9,2,3.0
2369,4,1,-0.252646
7335,11,2,1.585152
5920,11,3,4.559354
1265,1,1,0.0
3633,9,3,4.737271
7194,14,2,1.182373
6070,10,2,2.586949
6707,14,3,2.981048
6980,10,2,1.905159
5410,11,1,-0.564152
6353,7,1,-0.294884
5072,9,1,-0.420084
7096,12,2,1.2465
7223,12,2,1.11442
6582,11,1,-0.453267
7382,10,3,5.7853
4469,8,2,2.844452
6340,11,2,1.188761
7123,16,3,2.599777
8417,15,3,3.043305
6746,10,2,1.4
7785,15,2,1.15288
9178,16,3,2.921187
7301,13,2,1.535019
6491,8,2,2.844452
6047,8,1,-0.369274
4056,8,2,1.782084
4275,7,3,5.560455
6941,12,3,3.912077
8086,13,4,3.106915
8079,13,4,5.068299
5809,9,3,4.36384
5943,13,3,2.117871
6803,14,3,3.986851
7603,13,3,2.794783
5694,8,1,-0.420084
8063,10,2,2.384681
6176,14,2,1.019645
6130,14,2,1.031402
7761,12,3,3.712925
3451,4,1,-0.229416
8109,12,3,4.205949
7012,12,3,2.914524
2615,3,1,-0.100504
5475,10,2,1.741001
2239,4,1,-0.204124
1951,3,1,-0.100504
4130,8,3,3.944799
5995,10,2,2.586949
7594,14,3,2.509609
4572,11,2,1.221914
8657,18,3,2.132026
7769,9,1,-0.274352
6803,10,2,1.832261
2777,2,1,0.0
8459,15,3,2.97966
1607,6,1,-0.356332
1490,9,2,1.011647
8085,17,3,2.192188
1374,1,1,0.0
7790,13,3,3.286456
2602,3,1,0.0
8846,14,3,2.97551
2016,3,1,-0.142857
6235,6,2,3.958114
6666,10,1,-0.373632
1838,5,2,5.686241
6522,13,3,2.072827
8723,13,2,1.269622
7644,12,2,1.611559
7001,14,2,1.212256
9217,17,3,2.428107
7147,14,3,2.454545
6529,11,2,1.507557
4675,10,2,1.662145
7572,10,1,-0.386556
5277,10,1,-0.423547
6653,11,2,1.611559
9536,22,4,2.979633
5104,7,1,-0.333333
5512,7,2,3.400801
7494,11,3,3.338711
2109,2,1,-0.175863
6569,11,3,3.311924
4996,8,2,2.384681
4281,9,2,2.844452
7878,13,2,1.299867
7432,12,2,1.386771
2680,5,1,-0.204124
5868,15,3,3.188596
6412,11,2,1.087939
1379,3,1,-0.175863
7269,7,1,-0.239957
4605,8,2,2.29517
9209,17,3,2.226457
2218,1,1,0.0
6756,8,1,-0.431484
8091,12,3,3.609368
9091,19,3,1.979543
7462,13,2,0.786939
5448,7,1,-0.3386
1343,3,1,-0.175863
1743,2,1,0.0
9295,20,3,1.671947
4445,10,3,4.445641
7769,11,2,2.067904
6809,11,2,1.741001
5983,10,3,3.726941
3996,6,1,-0.261488
6368,11,2,1.170328
7504,12,4,5.870108
5480,9,2,2.478479
6131,12,3,2.763815
8138,13,3,4.066514
7081,11,2,1.532032
3408,3,1,-0.142857
9037,17,3,2.828427
6329,15,2,0.874237
7572,13,3,2.981048
6328,8,1,-0.27735
7013,10,2,2.064742
8065,12,2,1.832261
6624,8,1,-0.294884
3959,6,1,-0.238919
7095,9,1,-0.369274
5387,8,2,1.674827
3308,6,2,3.644957
2273,6,1,-0.333333
3290,5,1,-0.204124
5052,9,2,1.147079
1624,3,1,-0.204124
8533,12,2,1.507557
7229,10,3,4.445641
4522,7,1,-0.439679
7822,12,3,4.682677
1853,5,1,-0.229416
3345,6,2,2.708013
6480,14,3,2.598327
7079,11,2,1.555032
7315,13,3,3.912077
3730,8,1,-0.252646
7726,13,2,1.130324
8047,13,3,3.286456
2993,4,1,-0.100504
7179,12,3,3.286456
7352,13,2,1.318418
5780,7,1,-0.333333
4593,7,1,-0.349563
7974,12,1,-0.51558
3146,5,2,3.0
7210,12,3,3.048554
1308,2,1,-0.142857
7863,13,2,1.207211
3073,3,1,-0.175863
7163,14,3,3.732031
3867,7,1,-0.314485
8044,11,3,3.814918
6025,12,3,3.043305
6648,11,2,1.428359
7301,8,1,-0.351562
5069,7,1,-0.369274
5935,12,2,1.493827
1270,2,1,-0.142857
9060,16,3,2.244339
3714,9,3,4.559354
5173,8,1,-0.314485
7850,13,3,2.828632
8201,10,2,2.067904
7502,14,3,3.263767
5067,6,1,-0.351562
8122,14,3,2.508061
4528,8,2,2.844452
7297,11,2,1.13713
5174,9,2,1.942385
4243,6,1,-0.217072
2907,5,1,-0.294884
5859,6,1,-0.252646
7244,13,3,3.775478
4130,8,2,2.29517
8177,17,3,3.085854
7742,15,2,1.102646
6307,12,2,1.885618
7614,15,2,1.163678
3848,6,2,2.844452
8072,11,3,4.520269
7397,10,3,4.5
4464,8,1,-0.274352
7625,14,4,5.683718
1997,2,1,-0.142857
8147,13,3,3.798773
8809,13,2,1.605663
7599,16,3,3.077266
2012,2,1,0.0
5584,9,2,2.591989
8292,10,1,-0.502603
4757,7,2,3.391165
8578,12,2,1.632993
6408,10,1,-0.399475
9476,18,3,1.644882
6163,13,3,2.552342
7423,14,3,2.0
4730,9,2,2.209605
8586,15,3,2.499814
7598,10,2,1.164663
7438,12,1,-0.539331
6940,11,2,2.209605
5156,8,1,-0.351562
6495,11,2,1.462758
5346,15,3,2.110422
1347,1,1,0.0
7649,9,3,4.81699
6800,10,3,5.7853
5622,10,3,4.613805
7183,11,3,3.435823
7940,14,2,1.431789
5518,8,1,-0.407189
1582,1,1,0.0
5876,6,1,-0.229416
6784,12,3,2.275551
7525,16,3,1.665552
1699,1,1,0.0
6416,15,4,5.318021
4158,9,2,1.543644
3065,3,1,-0.100504
5845,7,1,-0.204124
5785,14,3,2.34906
803,1,1,0.0
1779,1,1,0.0
6390,10,2,1.271715
2327,4,2,2.496151
3177,5,1,-0.314485
3943,3,1,-0.100504
6875,16,3,3.106915
1666,4,1,-0.175863
3172,4,1,-0.175863
1245,3,1,-0.175863
7632,12,2,0.835242
6642,12,1,-0.470616
4037,7,1,-0.261488
6877,12,3,3.156821
2920,7,2,2.213211
2963,5,1,-0.204124
2317,4,1,-0.175863
7496,11,2,2.064742
5991,8,2,2.844452
6051,9,2,2.483064
8181,11,2,1.543644
3709,6,2,2.713602
2809,5,1,-0.252646
9809,20,4,3.58608
5345,8,1,-0.274352
6699,11,3,5.181036
5963,10,2,1.662145
5220,8,2,3.179797
6903,12,2,1.652574
7986,13,3,3.229168
7057,11,2,1.781955
8593,20,3,1.913378
6992,14,3,3.079589
7650,15,3,2.796431
3256,7,2,3.644957
6759,14,3,1.542962
7593,9,2,1.839484
7776,13,3,3.635026
8687,16,3,2.142857
7043,12,2,1.047501
6953,12,3,4.151579
1689,2,1,-0.100504
4104,4,1,-0.175863
2411,6,2,3.958114
5350,9,2,2.384681
3784,9,2,1.839484
7010,10,2,3.0
6768,11,2,1.620785
1202,2,1,-0.142857
7127,11,2,1.652574
5635,9,1,-0.407189
7827,15,3,2.57565
8766,17,3,2.796431
8222,12,2,1.535019
6874,12,2,1.347151
6414,10,3,3.286456
8252,14,3,3.008748
6664,10,2,2.209605
7925,13,2,1.450105
4566,7,1,-0.377964
5148,8,3,4.080798
7609,15,3,2.691194
2043,4,1,-0.229416
7969,13,3,3.198078
5975,15,3,2.743977
7423,10,2,1.662145
7304,10,1,-0.436436
8608,10,3,5.360431
7682,14,3,3.712925
9208,18,3,2.770523
7577,14,3,3.357821
1284,3,1,-0.175863
6588,11,2,1.885618
8355,14,3,2.035282
6261,7,1,-0.349563
5522,10,2,1.417843
7885,13,2,1.572427
6582,10,3,4.34039
2974,6,2,2.713602
1879,3,1,-0.142857
7880,16,3,2.207235
8817,16,3,2.749913
6961,11,1,-0.423547
8562,17,3,3.149822
7118,11,3,3.099668
6828,12,2,1.472947
6112,9,3,5.125693
7968,11,2,2.137744
5604,8,1,-0.314485
7458,13,2,1.243702
2221,5,1,-0.252646
5755,11,3,3.41189
7160,14,2,1.439699
2737,4,1,-0.175863
7578,13,3,2.573498
8971,11,3,3.869565
7417,10,2,1.781955
4544,8,2,2.002981
6602,15,3,3.043414
4381,6,1,-0.301511
5853,9,2,2.002981
3638,6,2,3.187999
2275,2,1,0.0
1655,2,1,0.0
3817,8,1,-0.390567
7413,12,2,1.527525
7703,10,1,-0.455621
3007,4,1,-0.204124
7460,11,3,3.490778
6633,11,3,3.548662
7710,13,3,3.05329
2777,5,2,2.586949
3336,6,1,-0.274352
3568,5,2,3.400801
6338,9,1,-0.423487
7331,13,2,1.306549
2024,4,1,-0.217072
7685,15,3,2.391169
6349,12,3,3.517632
7201,15,2,1.113422
5832,10,3,2.620247
8372,14,3,4.29696
4459,5,1,-0.204124
5589,11,2,1.620785
6716,12,3,3.490778
7208,12,3,3.668997
2406,4,1,-0.204124
8791,16,3,3.153846
7410,10,2,2.137744
8985,14,3,3.271652
8080,16,2,0.967036
8563,17,4,4.27866
4955,8,2,2.147318
4491,10,3,3.311924
6164,13,4,4.305694
6462,10,2,1.942385
6590,9,2,2.591989
5136,7,2,3.179797
8026,11,1,-0.415581
6757,11,2,1.535019
3538,5,1,-0.238919
3666,7,2,1.718809
4362,6,1,-0.314485
6349,14,3,3.131935
3878,9,2,2.137744
7649,13,3,1.656951
8140,14,4,4.801275
953,2,1,-0.175863
7742,12,2,1.496683
7588,12,3,3.841749
4158,7,1,-0.320358
6698,7,1,-0.294884
6972,14,2,0.973329
2811,4,1,-0.252646
1575,3,1,-0.204124
5862,10,3,5.560455
6784,11,2,1.555032
7349,14,3,1.973756
5058,8,1,-0.351562
8051,9,2,2.384681
8259,13,3,3.311924
3036,6,1,-0.274352
2249,1,1,0.0
1636,3,1,-0.229416
9545,15,3,4.041452
2178,2,1,0.0
1819,3,1,-0.100504
2341,3,1,-0.229416
8410,13,2,1.535019
7179,13,2,1.499191
2134,3,1,-0.142857
4961,7,1,-0.295837
8214,16,3,2.643335
3040,4,1,-0.229416
4644,7,2,3.644957
6099,12,2,1.885618
6626,10,3,4.559354
4269,10,2,1.950378
5929,10,1,-0.431484
6043,8,1,-0.320358
8168,13,3,3.435823
6594,11,3,3.775478
4042,11,4,5.776643
2494,6,2,3.644957
8386,16,3,2.126481
1723,3,1,-0.142857
10012,17,3,2.551043
1162,1,1,0.0
7309,12,2,1.311043
8045,14,3,2.853145
7972,14,3,3.732031
4018,8,2,2.137744
1641,1,1,0.0
3736,6,1,-0.320358
5248,7,2,4.358899
3413,5,1,-0.294884
7744,13,3,3.912077
8626,17,3,2.802442
8613,16,4,5.035943
5200,11,2,1.083473
6471,14,3,2.573498
6347,12,3,2.860317
7586,12,2,1.398757
5805,10,2,2.0
4221,10,3,3.609368
2268,5,2,2.591989
4365,7,1,-0.373632
7238,9,2,2.076881
8143,14,1,-0.685994
4436,5,2,2.162482
3890,7,1,-0.3386
7372,14,3,2.763815
4558,12,2,2.002981
6046,10,3,3.017997
2651,1,1,0.0
3800,8,1,-0.407189
7554,12,2,1.296357
5180,12,4,3.748527
3534,12,2,1.170328
7038,11,3,4.559354
2379,3,1,-0.100504
8462,13,2,1.057909
6604,11,2,1.194101
2103,5,1,-0.142857
5477,11,3,3.837613
2750,4,2,7.0
7268,12,2,0.819288
7005,14,3,1.64405
6918,10,3,3.131935
7571,12,1,-0.450835
4549,7,3,5.089553
1777,2,1,-0.142857
7214,13,3,2.624756
4374,8,2,2.591989
3614,7,2,2.380476
8360,13,3,3.05329
6251,8,2,2.586949
870,3,1,-0.274352
7376,10,1,-0.423547
1130,2,1,-0.142857
9014,15,3,2.913037
3696,7,3,6.67408
7921,17,3,2.244079
8159,13,3,3.091764
9417,16,3,1.902572
6839,12,3,3.11736
5065,9,3,6.67408
6744,9,3,6.67408
8320,12,3,3.668997
7202,11,2,2.134375
8496,16,3,2.799023
6756,12,3,4.394706
7340,9,2,2.223472
4569,7,2,3.958114
5117,10,1,-0.455621
7364,9,2,2.380476
7573,13,3,2.499814
5320,12,2,1.426704
3748,10,2,2.291288
7557,10,3,3.435823
6488,12,2,1.417843
2120,7,1,-0.369274
1109,1,1,0.0
6741,9,2,2.002981
6150,12,2,1.311043
7121,13,3,3.11736
1622,0,0,0.0
5941,14,3,2.828632
5112,9,2,2.29517
3719,4,2,4.898979
1734,3,1,-0.204124
6694,10,3,4.066514
6636,8,1,-0.261488
7979,16,3,1.710567
7692,14,4,3.920409
8630,19,3,2.133263
6308,10,2,1.942385
7286,13,3,3.401088
1878,4,1,-0.175863
6503,11,1,-0.438599
3966,6,2,5.686241
6223,11,1,-0.535303
6747,9,1,-0.356332
6877,12,2,1.327857
8061,12,3,4.041452
4733,7,2,2.586949
7111,17,3,1.889822
2530,2,1,-0.100504
6031,7,2,3.007114
4386,6,2,5.686241
5150,9,1,-0.410817
7663,8,2,2.291288
8331,15,4,4.630632
7996,17,3,2.270271
7745,12,3,3.944799
7103,12,3,3.766127
7106,11,2,1.581339
5349,11,2,1.781955
4459,6,1,-0.294884
1194,2,1,0.0
5529,13,3,2.443682
8326,13,2,1.611559
7016,10,3,3.726941
5416,6,1,-0.294884
4428,5,2,7.0
6152,9,1,-0.457144
3214,6,1,-0.294884
6119,7,2,3.958114
7702,16,3,2.883676
2324,4,1,-0.142857
5855,11,2,2.384681
5686,8,2,2.708013
6586,12,3,3.362866
5731,11,2,1.832261
6830,8,1,-0.351562
7125,12,2,2.291288
7895,14,3,2.981048
7013,10,2,2.384681
6043,9,3,6.333333
3384,6,1,-0.329293
9183,16,3,2.914524
1468,1,1,0.0
4694,10,2,1.689306
7422,15,1,-0.835148
5485,11,2,2.002981
6401,11,2,1.159869
2900,4,1,-0.204124
7571,15,3,2.743082
6598,13,3,1.843106
8807,14,3,3.548662
9336,15,4,5.139919
8595,13,3,4.682677
5060,9,2,2.708013
6904,10,2,2.213211
2262,2,1,0.0
4860,8,1,-0.264386
2182,3,2,3.972508
8039,13,2,1.339788
5710,13,3,2.56081
7313,14,3,4.066514
6941,12,2,1.2465
8269,17,3,1.616227
6054,12,3,3.032986
5660,9,1,-0.478261
3511,8,2,2.708013
3304,5,1,-0.369274
1146,5,1,-0.356332
2076,6,1,-0.420084
3662,10,2,1.323964
6195,11,3,3.668997
3227,6,1,-0.281939
6357,14,3,2.914524
3148,3,1,-0.100504
5238,10,2,1.662145
5709,10,3,3.986851
4602,9,2,1.814124
5759,10,3,4.737271
7785,13,2,0.999025
6163,11,3,3.609368
5372,5,1,-0.274352
5350,11,3,4.110453
3019,8,2,2.29517
7664,10,2,1.741001
6043,12,3,3.732031
5063,11,3,3.435823
6975,10,1,-0.373632
1891,3,1,-0.204124
5918,11,2,1.464819
7201,13,3,3.775478
8318,13,2,1.237597
2671,6,2,2.586949
7665,12,3,3.896752
5347,9,2,1.781955
4342,7,2,2.29517
5236,10,2,1.850854
3538,5,1,-0.252646
1702,1,1,0.0
4635,9,1,-0.407189
6354,13,2,0.866025
7546,15,2,0.961732
3646,5,1,-0.204124
7364,8,2,2.591989
1742,5,1,-0.369274
3457,4,1,-0.175863
7004,12,2,1.572427
1757,3,1,-0.175863
2130,1,1,0.0
5558,10,3,4.871779
1340,4,1,-0.264649
7650,15,3,3.353941
1224,2,1,0.0
8264,14,3,2.584759
7054,13,3,2.817201
4507,8,3,3.53009
4893,7,1,-0.229416
4387,8,2,1.942385
5440,9,3,4.682677
3843,8,2,1.893204
5595,11,1,-0.447214
5159,9,2,2.586949
6927,13,3,3.016415
4376,7,2,1.734393
7399,12,2,1.398757
5124,8,2,2.384681
1729,8,3,3.732031
2811,1,1,0.0
5038,6,1,-0.314485
7967,14,3,2.404162
1274,1,1,0.0
5145,9,2,2.147318
5398,11,3,2.654954
6450,10,1,-0.415581
5735,10,2,2.002981
3320,8,1,-0.314485
4575,9,2,2.09108
6099,11,3,4.559354
6499,11,3,3.548662
4476,8,2,2.291288
5008,14,3,2.370629
3732,6,1,-0.386556
7534,11,3,6.040466
4499,13,3,1.354601
8107,16,3,2.97551
2151,3,1,0.0
3717,6,3,7.077214
3878,8,2,2.384681
6121,11,3,3.415507
8336,16,3,2.412091
7731,15,3,2.796431
7344,12,3,2.558824
4253,7,2,2.844452
3393,6,1,-0.301511
4473,10,2,1.269622
7793,14,2,1.566726
6337,11,3,3.362866
5243,8,3,5.181036
6579,13,3,3.597808
5318,12,3,2.794783
8702,13,3,3.173911
3140,8,3,4.34039
7732,9,3,5.125693
3512,8,3,5.360431
2521,5,2,2.384681
2746,6,1,-0.204124
6701,7,1,-0.314485
4659,9,2,2.380476
6314,9,3,5.560455
1504,2,1,-0.100504
7951,8,1,-0.281939
4929,9,2,1.829707
2678,6,1,-0.19245
7955,11,3,5.360431
6624,8,1,-0.366508
7031,10,1,-0.431484
6052,11,2,1.318418
1426,4,2,3.391165
3742,6,1,-0.294884
4933,6,2,3.644957
6280,11,2,1.483651
6873,8,1,-0.261488
7826,14,2,1.4
2744,5,1,-0.281939
5486,10,2,1.781955
5386,8,2,3.0
7177,13,2,1.781955
6310,10,2,1.60751
7041,15,4,3.83158
6883,11,3,3.944799
7958,16,3,1.677881
6446,9,2,2.024791
7606,12,3,4.205949
7037,10,2,1.581339
6888,9,3,4.20199
6456,12,2,1.962991
7493,12,1,-0.554495
7116,9,2,1.603567
7187,12,2,1.311207
7532,12,2,1.788854
1450,3,1,0.0
7631,13,3,2.610373
4104,6,1,-0.142857
1117,2,1,0.0
5831,8,2,1.962991
4267,7,1,-0.369274
5774,7,2,4.358899
8956,16,3,2.443682
2238,4,2,5.686241
1262,1,1,0.0
4331,8,1,-0.361741
4555,9,2,1.197342
742,1,1,0.0
6424,9,2,1.893204
7135,15,3,2.668548
7150,16,2,0.943612
3591,5,1,-0.294884
4680,9,3,3.944799
7029,13,3,3.241247
6918,13,3,3.463415
7470,15,3,2.691194
1413,2,1,-0.142857
4203,8,2,3.179797
3260,5,1,-0.229416
5708,9,2,2.844452
7676,15,3,3.333847
8523,15,3,2.743977
8422,12,3,4.066514
8894,14,2,1.572427
6098,8,2,2.483064
4023,7,2,3.179797
4922,6,2,5.686241
3663,5,1,-0.229416
2118,1,1,0.0
2171,4,1,-0.204124
6044,10,3,4.066514
5836,12,3,2.643335
7148,13,2,1.147186
6712,9,2,2.844452
7728,15,3,2.643035
7165,8,2,3.644957
8670,15,3,2.598327
3360,3,1,-0.100504
2944,7,2,2.591989
8823,16,4,5.4
8099,12,2,1.781955
3422,6,1,-0.294884
6829,11,2,1.832261
6617,11,3,3.913571
1857,4,2,4.377549
7840,12,3,3.674235
7724,13,3,3.869565
6846,9,2,1.942385
4033,9,2,2.586949
7649,12,2,1.170328
6133,10,2,2.29517
3559,6,2,3.644957
7693,9,3,6.333333
8169,13,2,1.113422
8066,12,3,3.635026
5468,8,2,2.708013
4479,7,2,1.705606
6343,11,2,1.652574
6414,12,2,2.002981
6879,12,3,3.149822
4529,7,1,-0.3386
4020,9,3,2.384681
6043,8,1,-0.3386
6961,12,3,3.236408
6132,12,2,1.196249
8421,13,3,3.362866
3206,5,1,-0.274352
8519,17,3,2.795176
5331,9,2,1.689306
4049,2,1,-0.142857
5725,11,3,3.798773
8120,14,3,2.432979
3242,4,1,-0.142857
5295,9,1,-0.438599
3871,9,2,2.291288
4506,5,1,-0.274352
7322,13,3,3.65379
5304,12,1,-0.410817
5726,12,2,1.311207
4177,9,1,-0.531085
7601,13,2,1.124637
6282,12,2,1.450105
903,0,0,0.0
4976,5,1,-0.204124
3864,8,2,2.844452
4992,7,2,3.0
7456,11,2,1.652574
8761,14,3,3.65379
6605,11,1,-0.437981
8514,11,3,4.5
7840,8,3,3.53009
3076,5,2,3.187999
7272,13,2,1.347151
8282,14,4,5.067128
7267,11,1,-0.403473
7458,11,3,3.173911
6407,13,2,1.431789
5181,9,2,2.002981
1838,2,1,-0.142857
4718,7,1,-0.390567
5891,12,2,1.169369
3441,7,1,-0.294884
3621,5,1,-0.204124
3469,10,2,1.407711
4081,8,1,-0.420084
6369,13,3,3.383578
7551,15,2,0.84966
7554,11,1,-0.447214
5165,10,2,1.839484
5512,11,3,3.635026
5448,9,2,2.384681
7802,11,2,1.444444
8476,14,3,2.95932
6384,8,2,1.962991
5566,8,2,2.850718
6181,11,2,1.398757
9029,15,3,3.841749
6513,10,2,1.695652
5030,7,2,3.007114
1810,4,1,-0.204124
5729,13,2,1.182373
6494,10,1,-0.436436
7654,15,2,1.0
4792,7,1,-0.386556
3362,5,1,-0.333333
6135,10,2,1.507557
4194,7,2,3.644957
2092,6,3,5.125693
1936,5,1,-0.239957
3129,4,1,-0.204124
6919,11,2,1.741001
7113,12,2,1.741001
6348,6,2,2.606391
4364,9,3,3.726941
861,2,1,-0.142857
3180,6,2,2.213211
5301,6,2,3.958114
6691,15,3,2.620265
5606,9,1,-0.356332
6200,11,2,1.535019
6397,9,1,-0.3773
6325,10,2,1.543644
6512,13,2,1.535019
5826,11,2,1.850854
5801,7,1,-0.351562
3143,2,1,0.0
6704,11,2,1.507557
6642,11,1,-0.493626
9388,17,3,2.802442
6847,11,3,3.798773
5270,6,2,3.644957
7499,12,3,3.41189
2280,1,1,0.0
2318,4,1,-0.19245
6795,13,2,0.832195
1494,6,2,1.741001
6846,13,3,3.316171
1939,5,1,-0.217072
9191,17,3,2.157363
7715,15,3,2.572896
5390,10,3,2.846123
2852,8,3,3.362444
7544,14,3,2.749913
7691,16,3,1.948602
7926,11,2,1.779513
7863,9,2,2.606391
4947,11,3,3.668997
4851,7,2,2.306227
6274,10,3,2.740647
4936,9,3,5.125693
2008,5,1,-0.274352
2734,3,1,-0.100504
7501,12,2,1.367391
6307,8,1,-0.294884
8878,17,3,2.008498
7606,10,2,2.076881
4996,5,1,-0.229416
1820,2,1,-0.100504
8952,18,3,2.128789
6906,13,3,3.732031
5080,8,2,1.315437
5473,10,3,3.217811
6756,10,2,2.076881
7412,14,1,-0.498161
4104,8,3,3.490778
1726,4,1,-0.204124
8513,14,3,3.241247
7695,9,2,3.179797
7974,9,1,-0.390567
1547,1,1,0.0
5899,11,3,4.066514
8563,14,3,2.650624
3819,6,1,-0.229416
7457,12,2,1.221011
3135,6,2,3.958114
5829,6,1,-0.229416
1781,7,1,-0.365148
3122,9,3,4.066514
7047,14,3,3.153846
4864,8,2,1.512595
6112,10,2,2.708013
6455,9,2,1.885618
2165,3,1,-0.100504
9808,16,3,3.448394
7524,10,1,-0.472348
3708,8,1,-0.363043
6062,9,3,5.560455
7364,14,3,1.64405
8291,17,3,1.895567
1504,1,1,0.0
5912,11,2,1.543644
6716,10,2,2.291288
6795,10,1,-0.329617
2714,5,1,-0.204124
6432,11,2,2.380476
7987,9,1,-0.333333
6309,12,3,3.41189
4694,7,2,3.179797
5492,8,2,2.850718
7088,8,1,-0.229416
7746,11,3,5.560455
3154,4,1,-0.229416
2561,4,1,-0.229416
5649,10,2,1.439699
7066,11,1,-0.478261
4188,8,1,-0.351562
6838,11,1,-0.571823
5400,12,3,4.041452
6534,9,3,4.81699
8170,17,3,2.672558
4527,10,2,1.543644
3300,6,2,2.483064
5443,9,2,1.788854
7404,12,2,1.472947
3610,5,1,-0.204124
6817,8,2,2.291288
7210,12,2,1.093339
6278,11,3,3.333847
6551,10,2,1.652574
8474,12,2,1.788854
7436,13,4,4.778849
8724,15,2,0.961869
7575,11,3,3.775478
7887,15,3,3.310064
8981,17,3,1.345677
8307,13,2,1.464819
8175,15,3,2.218092
5131,10,3,3.581357
5273,10,2,2.002981
5872,13,2,1.605663
7687,13,3,3.448394
7310,11,3,4.737271
3595,8,2,2.850718
7036,14,3,3.241247
7555,13,3,3.241247
6783,12,2,1.499191
7957,14,3,3.415507
5930,10,3,4.871779
4826,13,3,3.552878
8437,13,3,4.29696
3729,2,1,-0.100504
7764,12,3,4.394706
4081,7,1,-0.314485
7681,11,1,-0.542364
1669,3,2,3.644957
3508,5,1,-0.252646
7265,9,2,1.462758
4711,9,3,4.110453
7484,13,3,3.448394
8799,12,2,1.529493
5622,9,1,-0.423487
1702,7,2,2.306227
7792,12,2,1.430149
8118,8,2,2.708013
6512,12,2,1.507557
6346,11,1,-0.424866
6425,9,3,4.242641
7374,10,1,-0.314485
7070,8,1,-0.351562
5905,7,2,3.187999
3513,9,2,1.781955
8362,15,3,2.468854
6374,10,2,1.865992
8026,14,3,3.552878
5296,6,1,-0.366508
8912,17,3,2.060408
6374,14,3,3.362866
5519,12,2,1.283715
7228,13,3,3.353941
6910,11,3,5.560455
3099,3,1,-0.142857
6319,14,3,2.620265
5305,10,3,3.53009
6697,7,1,-0.320358
6861,17,3,1.986799
7768,15,3,2.232458
1063,2,1,-0.175863
2342,3,1,0.0
2999,4,1,-0.175863
9202,16,3,2.773087
5036,9,1,-0.399475
7706,15,2,0.688649
6491,14,3,2.921187
9188,16,3,2.529822
7690,13,3,2.828632
3735,4,1,-0.165521
6223,14,3,2.599735
6651,11,3,3.986851
3529,5,1,-0.100504
6332,14,4,5.067128
5002,10,3,3.286456
6352,12,2,1.197342
6449,10,3,3.657599
6569,11,2,1.462758
7037,17,3,1.788141
9195,17,3,2.770523
7254,12,2,1.939563
6483,12,2,1.439699
7515,12,2,1.620785
6527,11,2,1.942385
5718,9,2,2.380476
8598,12,1,-0.512915
4349,6,2,2.844452
8469,14,3,1.897169
6752,11,2,1.60751
1412,2,1,0.0
4571,10,3,4.682677
4804,8,1,-0.356332
4221,8,3,4.81699
5856,10,2,1.593118
5770,9,2,2.076881
5318,9,3,3.732031
8004,13,3,2.380476
5790,10,2,1.662145
6362,7,1,-0.217072
4231,9,2,1.210524
4870,9,1,-0.294884
6602,13,4,5.778086
4628,7,1,-0.351562
7128,11,3,4.066514
8193,11,3,3.383578
8944,18,3,1.319036
8123,14,3,2.353265
9065,14,2,1.172171
6249,11,2,1.407711
4552,6,1,-0.333333
1725,2,1,-0.100504
6649,10,2,1.662145
4391,6,2,3.007114
2287,3,1,-0.142857
1654,3,1,-0.142857
3788,7,2,2.591989
6533,10,3,4.81699
6514,10,1,-0.493626
7539,15,3,2.512912
4100,9,2,1.942385
7016,14,3,3.228326
5962,10,3,4.613805
3342,6,2,2.483064
5597,7,2,3.0
7659,11,2,1.158438
6752,10,1,-0.436436
8490,13,2,0.682898
8348,15,3,2.853145
7831,15,2,1.263701
5287,4,1,-0.135388
4738,6,1,-0.274352
2511,3,1,-0.175863
7063,11,3,4.81699
4123,6,1,-0.274352
5515,11,2,1.194101
5571,9,2,2.708013
4403,5,1,-0.281939
7761,15,3,2.694687
6527,9,2,2.483064
6605,12,3,2.620247
6238,7,1,-0.383131
6079,11,1,-0.518065
7022,14,3,1.794901
1434,3,1,-0.100504
3013,6,2,4.898979
8161,10,2,2.380476
4869,6,2,5.686241
7845,15,3,2.251225
5830,9,2,2.064742
5350,8,2,2.586949
3523,6,2,2.223472
3760,5,3,7.564266
6801,11,2,1.323964
8132,16,3,2.487033
7923,10,2,2.844452
5324,9,2,3.0
3825,7,2,3.0
4072,9,2,1.032643
3419,5,1,-0.229416
4663,9,1,-0.34641
7081,12,2,1.310556
8664,16,3,2.432979
6971,9,1,-0.386556
6664,13,2,1.013109
5834,10,3,3.448394
5370,7,1,-0.314485
5512,7,2,2.483064
2853,2,1,0.0
4715,9,1,-0.390567
8052,13,3,2.995394
3557,6,2,2.713602
7272,12,3,3.798773
5018,9,2,1.535019
8647,16,4,4.630632
9028,16,2,1.135815
7195,11,2,1.356801
5070,7,2,4.358899
7548,14,4,7.22761
9913,18,3,2.160247
6854,10,2,1.535019
7387,14,3,3.841749
5776,8,2,2.011435
7024,10,3,4.20199
3551,3,1,-0.142857
4536,7,2,2.844452
1663,3,1,0.0
3530,7,2,1.962991
6360,13,3,2.552342
8066,16,4,4.432331
4242,8,2,1.893204
6126,10,2,1.850854
2999,6,2,3.007114
5455,8,2,2.478479
1809,3,1,-0.204124
3745,7,1,-0.314485
8089,10,2,3.179797
4601,10,2,1.06749
6120,8,1,-0.373632
6101,8,3,6.333333
7814,10,1,-0.441836
7116,14,3,2.339501
4927,9,2,1.885618
3860,9,2,1.352504
7492,12,3,3.241247
5954,9,2,1.444444
2655,3,1,-0.142857
8165,14,2,1.499191
7986,13,3,3.077266
4670,8,2,1.310556
4113,9,2,1.572427
6446,9,3,5.019011
6557,10,2,1.942385
3481,7,1,-0.369274
7050,10,2,2.209605
8203,13,1,-0.377628
2723,4,1,-0.175863
1529,5,2,2.483064
4957,5,2,9.949874
3919,5,1,-0.281939
6812,14,3,2.427611
7917,11,3,4.34039
7276,14,2,1.231554
6875,12,1,-0.468521
4667,5,1,0.0
7770,14,3,3.008748
5148,6,2,3.958114
5899,13,3,2.028136
5580,9,3,3.891856
6469,9,2,1.882938
2389,4,1,-0.165521
4222,8,1,-0.383131
8604,17,3,2.598327
6204,9,2,3.179797
6244,13,2,1.163678
8904,14,3,2.784353
4985,7,1,-0.333333
7922,11,2,1.839484
3564,5,2,4.358899
7512,11,1,-0.51558
8928,14,3,3.271652
6264,7,1,-0.276823
4938,10,1,-0.450835
4789,8,2,2.384681
5336,8,1,-0.261488
5788,11,3,4.242641
6789,9,2,1.942385
4545,8,2,1.775695
2934,6,1,-0.294884
3256,6,1,-0.351562
3374,4,1,-0.229416
5573,9,2,2.586949
7567,14,3,2.57565
8002,15,3,2.529956
2789,7,1,-0.356332
8846,14,2,0.912961
4053,7,1,-0.386556
1415,3,1,-0.175863
6102,11,3,3.072189
7138,10,2,2.002981
4377,6,1,-0.175863
5490,7,1,-0.229416
3000,5,1,-0.204124
4874,7,2,2.306227
6757,10,3,4.559354
6116,10,1,-0.453604
4742,8,1,-0.333333
8768,10,2,2.586949
5321,9,2,2.213211
2761,4,1,-0.175863
1623,1,1,0.0
4089,5,1,-0.239957
6728,11,2,1.165543
8820,12,3,4.737271
7071,11,2,1.507557
1630,2,1,-0.100504
6056,11,2,1.705606
8154,9,1,-0.333333
7006,10,2,1.593118
8158,12,2,0.981815
3466,4,1,-0.175863
3623,5,2,3.187999
4501,10,1,-0.415581
2970,6,2,2.850718
5405,8,2,2.708013
3229,2,1,-0.100504
3376,4,1,-0.165521
7807,13,3,3.072189
2239,4,1,-0.175863
4905,7,3,6.333333
3581,7,1,-0.333333
6990,11,3,4.080798
6455,10,2,2.586949
5828,11,2,1.662145
6128,12,4,4.700177
7494,14,2,1.231554
7188,14,3,2.299789
9488,18,2,0.760348
7423,17,3,2.207235
6571,12,3,3.986851
7694,19,3,1.820461
4540,7,1,-0.333333
5370,6,2,7.0
5143,7,2,3.179797
6277,12,3,2.995394
5465,6,2,7.0
4218,6,1,-0.294884
1728,2,1,-0.142857
7088,11,2,1.483651
6290,13,3,3.043305
5836,11,3,3.986851
5108,8,3,6.333333
7203,9,2,2.291288
599,0,0,0.0
7461,15,2,1.044185
2973,7,1,-0.320358
6947,9,1,-0.439679
4583,8,2,2.384681
2289,4,2,2.713602
7640,13,3,2.275551
6195,9,1,-0.362887
6710,12,3,3.4
2355,4,1,-0.274352
5039,9,2,1.781955
8186,13,3,3.229168
8222,15,3,2.643335
6546,11,3,2.722179
6024,12,2,1.093216
4747,11,1,-0.424094
7636,12,2,1.158787
3618,6,1,-0.320358
4240,8,2,1.632993
6992,15,3,2.828632
6798,14,3,3.597808
6879,12,3,3.490778
3521,8,2,2.002981
5238,10,2,1.832261
4317,5,1,-0.142857
8553,15,3,2.824231
2862,7,1,-0.258199
3029,3,1,-0.100504
1690,3,1,-0.100504
6487,14,3,2.824231
3713,8,2,2.067904
7678,14,3,3.112743
3247,4,1,-0.100504
7012,11,3,2.648763
6858,17,3,2.033704
7183,12,2,1.417843
3150,6,1,-0.314485
4086,6,2,2.32379
807,2,1,-0.100504
6209,10,2,1.417843
554,1,1,0.0
4278,8,3,4.559354
4396,8,2,2.586949
3594,6,2,2.29517
4646,11,2,0.913913
5267,7,1,-0.436928
8085,14,3,2.891399
7880,13,3,3.435823
7494,12,2,1.207211
1955,4,1,-0.229416
9581,19,3,2.743082
8194,13,3,4.613805
6967,13,2,1.511858
1732,3,2,0.0
8566,19,3,2.743977
3434,4,1,-0.229416
3244,4,1,-0.142857
1898,2,1,-0.100504
7015,13,3,3.077266
7261,10,3,4.300232
7167,10,3,4.682677
5837,10,2,2.064742
6082,10,2,1.751377
4228,9,2,1.832261
7621,15,3,2.335674
5347,10,3,5.360431
2560,3,1,-0.100504
6597,12,3,3.869565
8749,17,3,2.392085
3938,7,1,-0.252646
4063,10,2,1.299867
7617,14,3,2.752699
6589,10,2,2.134375
4108,8,2,2.002981
8408,14,3,3.268233
3742,11,2,1.581339
5607,10,2,2.213211
5875,11,3,4.871779
5127,4,1,-0.217072
7912,18,4,4.011887
4469,7,2,3.644957
3194,5,1,-0.21887
6257,13,3,2.292328
3914,6,2,2.496151
3238,5,1,-0.252646
5421,11,3,2.291288
3810,10,1,-0.431229
7758,12,3,3.552878
4483,7,1,-0.314485
6651,12,3,3.732031
4662,8,1,-0.349563
2364,4,1,-0.217072
6260,10,1,-0.508913
7463,10,1,-0.439679
7378,16,3,2.529956
4650,10,2,1.893204
1441,3,1,-0.175863
5015,6,1,-0.142857
3555,8,1,-0.439679
5569,10,2,1.689306
1870,4,1,-0.175863
2720,4,1,-0.252646
4700,6,1,-0.386556
5261,13,2,0.879507
6972,11,3,3.241247
2449,5,1,-0.294884
1842,1,1,0.0
6635,13,3,3.574756
7314,13,2,0.848528
7742,15,3,2.80938
7982,11,1,-0.502519
6185,11,3,3.896752
5191,8,1,-0.351562
4563,8,3,4.871779
3558,6,1,-0.314485
5630,8,3,5.7853
8119,11,3,5.728716
7964,14,3,3.316171
8340,15,3,3.841749
5358,9,2,1.741001
8166,14,3,2.749913
7034,16,3,2.418245
2649,5,1,-0.229416
7468,15,3,3.353941
7963,15,3,3.65379
2394,2,1,0.0
8346,16,3,2.202796
5462,4,1,-0.204124
7516,12,3,4.080798
2209,3,1,0.0
6658,12,3,3.966859
8241,14,3,3.043414
4225,4,1,-0.175863
2707,3,1,-0.142857
8105,16,3,2.949787
6328,10,2,1.518587
5161,10,2,2.291288
6690,11,2,2.067904
2236,6,2,3.187999
2839,5,1,-0.142857
7150,11,2,2.067904
8049,13,4,7.0
3124,7,1,-0.332243
7879,14,3,2.891399
7230,13,2,1.352504
5392,10,2,1.646464
7858,16,3,2.283074
2284,3,1,-0.175863
8285,15,3,2.691194
7576,11,3,3.609368
2547,3,1,-0.142857
6968,12,3,3.079589
6278,11,2,1.024163
1622,2,1,-0.100504
6507,13,3,2.981048
2989,5,1,-0.204124
6057,12,3,4.066514
6722,9,2,2.137744
4430,9,2,1.674827
6957,8,3,7.077214
1688,3,1,-0.229416
6675,8,1,-0.366508
5558,9,2,3.0
6411,7,1,-0.386556
7446,11,2,1.581339
5669,12,3,3.016415
6530,9,1,-0.373632
7393,13,3,2.454954
6942,13,3,2.97551
7122,10,3,6.333333
7557,9,2,1.751377
5453,12,3,4.737271
2518,5,1,-0.261488
4580,8,3,4.20199
4544,8,1,-0.261488
7092,13,3,2.891399
3587,5,2,3.391165
2746,3,1,-0.100504
3304,7,1,-0.252646
1210,3,1,-0.169031
7574,12,2,1.882938
6883,11,3,3.609722
4793,7,2,3.179797
3734,7,1,-0.423487
7328,12,3,4.29696
3360,4,1,-0.100504
3679,6,2,3.0
4768,4,1,-0.237356
4083,5,1,-0.204124
4260,8,2,3.0
8216,17,3,2.508061
7711,12,3,3.869565
7956,17,4,4.592867
5207,13,3,2.853145
6528,7,3,8.168874
9183,17,3,1.522105
5335,8,2,2.844452
5145,9,3,4.066514
5621,9,2,3.644957
2351,5,1,-0.281939
7906,16,3,3.131935
7246,14,2,0.980196
3434,7,2,2.713602
1208,1,1,0.0
1961,4,1,-0.274352
6680,10,2,1.850854
6948,12,2,0.894447
7261,10,2,1.593118
3498,7,2,1.430149
5466,8,2,1.662145
4390,11,3,2.512912
4688,7,2,2.483064
7369,12,3,2.694687
6768,10,2,2.067904
2813,6,1,-0.356332
6650,12,3,2.560001
3000,4,1,-0.239957
7205,14,3,2.636879
4259,6,1,-0.294884
9128,18,3,2.447078
4011,4,1,-0.229416
7745,11,2,2.09108
7527,14,3,2.817201
5979,13,3,4.151579
6489,7,2,3.958114
7578,10,2,0.996082
7926,16,3,2.301174
6008,11,1,-0.495188
6943,11,3,4.871779
6024,8,3,5.7853
2163,1,1,0.0
8639,14,3,2.799023
5639,13,3,2.705185
4910,8,1,-0.329617
2080,3,1,-0.142857
2927,5,1,-0.274352
6926,12,3,2.694687
7319,11,3,4.737271
7901,15,3,2.824231
5927,10,1,-0.431484
8573,11,3,3.869565
5241,3,1,0.0
3369,8,3,5.181036
5567,9,2,2.396668
6237,11,3,3.471314
4129,9,1,-0.508913
4922,9,3,4.34039
7317,10,2,1.734393
5597,7,1,-0.301511
1903,2,1,-0.100504
4751,7,1,-0.274352
5762,8,2,2.29517
5617,13,2,1.611559
6390,11,2,1.4
3551,6,1,-0.333333
6155,10,1,-0.329617
4685,9,1,-0.468521
6497,10,3,3.891856
6326,11,2,0.901456
2365,4,1,-0.204124
1752,2,1,0.0
5881,12,2,1.382047
6288,11,3,3.517632
3058,4,2,4.898979
6860,13,3,3.079589
6632,9,2,2.067904
3908,6,1,-0.314485
4117,7,2,1.630627
4490,10,2,1.788854
3851,9,3,3.869565
5470,8,2,2.478479
6325,11,2,1.942385
6545,14,3,3.271652
948,3,1,-0.229416
6076,8,2,2.002981
4895,9,3,3.635026
8595,12,3,3.131935
2510,5,1,-0.274352
4289,8,1,-0.423547
7416,13,3,4.110453
3993,7,2,3.179797
5769,9,2,1.581339
8031,15,3,2.529956
2275,1,1,0.0
6645,9,3,5.504336
1682,4,1,-0.217072
3650,4,1,-0.175863
5839,10,2,2.213211
2220,2,1,0.0
1702,4,2,4.898979
7708,12,2,1.347151
6941,14,3,2.339501
7078,15,3,2.80938
1490,2,1,-0.142857
8425,14,3,2.372255
7522,10,2,2.064742
4393,7,2,3.391165
2697,6,2,2.517008
7495,15,2,0.771845
5449,10,3,3.913571
1309,0,0,0.0
4452,9,2,1.7997
4626,4,2,4.898979
1512,3,1,-0.175863
1736,3,1,-0.100504
6630,12,3,2.391169
4803,7,1,-0.351562
7382,15,3,2.883223
3172,3,1,0.0
7682,13,3,3.200529
7008,13,3,3.241247
6630,9,1,-0.351562
7598,14,3,3.544745
5786,11,3,4.559354
3332,8,2,2.483064
7029,15,2,0.822179
6589,9,2,2.708013
8136,15,3,3.517632
5328,10,2,2.002981
3083,6,2,2.850718
2064,4,1,-0.204124
5622,6,1,-0.217072
5395,7,2,2.850718
7482,14,3,3.401088
6235,9,1,-0.415581
2392,3,1,-0.142857
6850,10,2,2.076881
5669,10,2,1.839484
7157,13,3,3.091764
6102,8,2,3.0
1608,2,1,0.0
6172,13,2,1.572427
2718,5,1,-0.229416
8898,16,3,2.599777
5211,6,1,-0.252646
5476,14,3,3.362866
5396,7,2,2.147318
4850,6,2,3.958114
3340,7,1,-0.274352
1892,3,1,-0.142857
7500,13,3,3.471314
7309,13,3,3.099668
2955,3,1,-0.229416
6271,10,2,1.398757
2573,4,1,-0.258199
4756,7,1,-0.3386
3528,5,1,-0.252646
4793,6,2,3.958114
2010,3,1,-0.229416
8532,18,3,2.537236
6742,9,2,2.708013
6842,12,2,1.529493
4998,7,3,4.110453
7304,12,3,2.588296
6740,10,1,-0.471405
4208,9,3,3.415507
7405,9,1,-0.386556
5755,11,4,4.961951
6045,9,3,4.737271
3105,3,1,-0.100504
3890,2,1,-0.100504
5433,9,3,3.944799
1892,2,1,-0.100504
5957,8,2,2.213211
5690,7,2,3.179797
7636,14,3,3.830744
3929,8,1,-0.386556
3102,5,1,-0.252646
5746,9,2,2.137744
6820,12,3,3.732031
2154,3,1,-0.100504
4249,5,1,-0.229416
6997,12,3,3.574756
3474,4,1,-0.135388
8013,15,3,2.666667
7667,14,3,2.599777
6666,11,2,1.460593
2791,5,1,-0.19245
4969,9,3,3.912077
3661,9,1,-0.468521
7220,14,3,3.008748
2918,6,1,-0.314485
3743,9,2,1.450105
4959,10,2,1.283715
5778,10,3,4.613805
6193,11,3,3.891856
2030,4,1,-0.229416
3704,7,3,5.504336
5960,8,2,3.644957
7340,13,3,2.709505
7819,12,2,1.832261
4121,10,3,4.110453
1786,4,1,-0.252646
3500,6,1,-0.204124
5472,14,3,3.016415
1325,1,1,0.0
6451,12,3,2.692736
6555,11,3,3.732031
6083,10,3,3.143223
4579,6,1,-0.333333
4471,6,3,8.168874
2670,3,1,-0.229416
5203,9,2,2.223472
7768,10,2,3.958114
3411,7,2,2.024791
4686,7,1,-0.314485
4014,5,1,-0.294884
3527,8,2,1.942385
6463,11,2,2.064742
7300,12,3,3.798773
6217,13,3,2.312899
5196,9,3,5.304727
9012,13,2,1.33928
6975,9,1,-0.333333
7352,13,3,3.112743
7588,14,3,3.912077
5277,8,1,-0.407407
3637,5,1,-0.281939
7665,16,3,1.818831
4091,5,1,-0.229416
7790,13,2,2.064742
5132,10,2,1.781955
5072,8,2,3.644957
1979,4,2,9.949874
5412,5,1,-0.274352
5454,7,2,2.708013
2962,3,1,-0.142857
7099,10,3,4.963973
5697,9,2,2.011435
3567,5,1,-0.252646
2733,5,2,3.179797
2430,2,1,0.0
8049,14,3,2.466536
6274,8,2,1.950378
6316,12,2,1.187631
4221,7,2,1.775695
6246,8,2,3.007114
4889,8,1,-0.362887
3342,4,1,-0.274352
1770,1,1,0.0
4854,8,2,3.391165
6155,13,3,2.979633
7980,10,3,3.635026
5262,10,3,5.181036
5682,7,1,-0.294884
2729,2,1,0.0
1579,3,1,-0.142857
2225,5,1,-0.320358
6345,8,2,2.384681
7756,15,3,2.512912
7443,14,4,3.710023
4518,7,1,-0.351562
3381,6,1,-0.3386
7697,11,1,-0.378284
2184,4,1,-0.175863
2018,1,1,0.0
7718,11,3,5.181036
4870,7,2,3.187999
5542,14,3,2.353265
7164,11,2,2.002981
5495,9,3,4.963973
3563,9,2,2.213211
7705,11,3,4.272392
8880,17,3,2.552342
7109,15,3,2.966907
3145,4,1,-0.175863
3286,8,2,1.885618
1735,3,1,-0.142857
6221,11,3,2.654954
6965,11,2,2.067904
4145,7,2,2.384681
4076,7,1,-0.333333
6530,6,1,-0.175863
6335,8,2,1.850854
3025,5,1,-0.204124
3412,6,1,-0.238919
2205,3,1,-0.204124
1697,1,1,0.0
2682,3,1,0.0
6990,12,3,3.635026
7553,16,3,2.409783
6639,13,3,3.869565
9257,15,3,3.316625
7010,12,2,1.243702
3416,2,1,0.0
8784,14,3,2.94711
4922,10,3,3.994457
8336,14,3,3.401088
8136,12,3,3.333847
3344,6,1,-0.314485
3341,4,1,-0.204124
4090,5,1,-0.175863
7705,13,3,3.05329
7338,10,2,1.31711
7241,13,3,3.173911
6716,11,2,1.705606
7827,12,2,1.257313
6329,12,3,3.841749
9287,18,3,3.016415
3512,7,1,-0.369274
6701,11,2,1.356801
2401,2,1,-0.142857
6530,12,3,4.300232
6605,11,3,4.29696
2139,3,2,0.0
6697,10,3,2.961954
4582,7,1,-0.314485
7082,10,2,1.518587
7387,13,3,3.077266
6275,12,1,-0.594803
7190,14,3,2.626872
7583,18,3,1.869481
5744,10,2,1.296357
7455,11,2,1.354526
6410,11,2,1.444444
5425,9,2,2.002981
1806,6,1,-0.261488
8077,16,3,2.509609
6211,10,2,1.685303
7123,11,4,6.800567
6524,9,2,1.632993
4362,7,1,-0.301511
2571,5,2,3.644957
2235,2,1,0.0
4981,8,1,-0.356332
7257,13,3,3.517632
3123,5,1,-0.229416
5366,7,1,-0.356332
5126,5,1,-0.135388
3815,8,2,1.652574
8971,15,3,3.11736
2931,3,1,-0.142857
7410,12,3,3.016415
4558,6,1,-0.229416
7209,10,3,4.255499
5118,11,3,3.732031
5164,9,2,1.611559
3837,6,1,-0.252646
6522,11,3,2.942859
6853,14,2,0.992296
6336,9,2,2.134375
4584,7,3,6.333333
8516,16,4,4.229239
6622,12,2,1.507557
1817,3,1,-0.229416
5757,11,3,3.732031
6656,12,3,3.05329
3618,7,1,-0.45257
7205,10,2,1.535019
7764,18,3,2.828427
6190,12,3,3.446562
2764,6,1,-0.386556
8313,12,2,0.865277
3403,11,3,3.198078
6999,13,2,1.566726
7479,10,1,-0.390567
5204,9,2,1.839484
6893,16,2,0.844989
2817,3,1,-0.175863
7431,13,2,1.398757
7038,13,2,1.283715
6154,5,1,-0.239957
2539,8,2,1.839484
7029,14,3,3.732031
6302,11,3,3.311924
5286,10,2,2.213211
4066,5,1,-0.239957
5973,12,3,3.263767
6030,12,2,1.850854
7492,14,3,2.560001
5821,12,3,2.428107
4221,6,2,3.007114
